Workbook

Sheet 월 가계부
A1: 날짜 | B1: 항목 | C1: 금액 | D1: 분류 | E1: 확인 | G1: 월 | H1: 수입 | I1: 지출 | J1: 저축 | K1: 저축률
E2: 못 읽은 줄 표시
A3: 46235 | B3: 급여 | C3: 5000000 | D3: 수입 | E3: =IF(C3="","",IF(계산!CI3="","날짜 확인",IF(계산!CJ3="","금액 확인",""))) | G3: =IF(계산!$B$5="","",EDATE(계산!$B$5,-11)) | H3: =IF(G3="","",SUMIFS(계산!$CJ$3:$CJ$3002,$D$3:$D$3002,"수입",계산!$CI$3:$CI$3002,">="&G3,계산!$CI$3:$CI$3002,"<"&EDATE(G3,1))) | I3: =IF(G3="","",SUMIFS(계산!$CJ$3:$CJ$3002,계산!$CI$3:$CI$3002,">="&G3,계산!$CI$3:$CI$3002,"<"&EDATE(G3,1))-H3) | J3: =IF(OR(G3="",AND(H3=0,I3=0)),"",H3-I3) | K3: =IF(OR(G3="",H3=0),"",J3/H3)
A4: 46236 | B4: 생활비 | C4: 3200000 | D4: 기타상품·서비스 | E4: =IF(C4="","",IF(계산!CI4="","날짜 확인",IF(계산!CJ4="","금액 확인",""))) | G4: =IF(계산!$B$5="","",EDATE(계산!$B$5,-10)) | H4: =IF(G4="","",SUMIFS(계산!$CJ$3:$CJ$3002,$D$3:$D$3002,"수입",계산!$CI$3:$CI$3002,">="&G4,계산!$CI$3:$CI$3002,"<"&EDATE(G4,1))) | I4: =IF(G4="","",SUMIFS(계산!$CJ$3:$CJ$3002,계산!$CI$3:$CI$3002,">="&G4,계산!$CI$3:$CI$3002,"<"&EDATE(G4,1))-H4) | J4: =IF(OR(G4="",AND(H4=0,I4=0)),"",H4-I4) | K4: =IF(OR(G4="",H4=0),"",J4/H4)
A5: 46266 | B5: 급여 | C5: 5000000 | D5: 수입 | E5: =IF(C5="","",IF(계산!CI5="","날짜 확인",IF(계산!CJ5="","금액 확인",""))) | G5: =IF(계산!$B$5="","",EDATE(계산!$B$5,-9)) | H5: =IF(G5="","",SUMIFS(계산!$CJ$3:$CJ$3002,$D$3:$D$3002,"수입",계산!$CI$3:$CI$3002,">="&G5,계산!$CI$3:$CI$3002,"<"&EDATE(G5,1))) | I5: =IF(G5="","",SUMIFS(계산!$CJ$3:$CJ$3002,계산!$CI$3:$CI$3002,">="&G5,계산!$CI$3:$CI$3002,"<"&EDATE(G5,1))-H5) | J5: =IF(OR(G5="",AND(H5=0,I5=0)),"",H5-I5) | K5: =IF(OR(G5="",H5=0),"",J5/H5)
A6: 46267 | B6: 생활비 | C6: 3000000 | D6: 기타상품·서비스 | E6: =IF(C6="","",IF(계산!CI6="","날짜 확인",IF(계산!CJ6="","금액 확인",""))) | G6: =IF(계산!$B$5="","",EDATE(계산!$B$5,-8)) | H6: =IF(G6="","",SUMIFS(계산!$CJ$3:$CJ$3002,$D$3:$D$3002,"수입",계산!$CI$3:$CI$3002,">="&G6,계산!$CI$3:$CI$3002,"<"&EDATE(G6,1))) | I6: =IF(G6="","",SUMIFS(계산!$CJ$3:$CJ$3002,계산!$CI$3:$CI$3002,">="&G6,계산!$CI$3:$CI$3002,"<"&EDATE(G6,1))-H6) | J6: =IF(OR(G6="",AND(H6=0,I6=0)),"",H6-I6) | K6: =IF(OR(G6="",H6=0),"",J6/H6)
E7: =IF(C7="","",IF(계산!CI7="","날짜 확인",IF(계산!CJ7="","금액 확인",""))) | G7: =IF(계산!$B$5="","",EDATE(계산!$B$5,-7)) | H7: =IF(G7="","",SUMIFS(계산!$CJ$3:$CJ$3002,$D$3:$D$3002,"수입",계산!$CI$3:$CI$3002,">="&G7,계산!$CI$3:$CI$3002,"<"&EDATE(G7,1))) | I7: =IF(G7="","",SUMIFS(계산!$CJ$3:$CJ$3002,계산!$CI$3:$CI$3002,">="&G7,계산!$CI$3:$CI$3002,"<"&EDATE(G7,1))-H7) | J7: =IF(OR(G7="",AND(H7=0,I7=0)),"",H7-I7) | K7: =IF(OR(G7="",H7=0),"",J7/H7)
E8: =IF(C8="","",IF(계산!CI8="","날짜 확인",IF(계산!CJ8="","금액 확인",""))) | G8: =IF(계산!$B$5="","",EDATE(계산!$B$5,-6)) | H8: =IF(G8="","",SUMIFS(계산!$CJ$3:$CJ$3002,$D$3:$D$3002,"수입",계산!$CI$3:$CI$3002,">="&G8,계산!$CI$3:$CI$3002,"<"&EDATE(G8,1))) | I8: =IF(G8="","",SUMIFS(계산!$CJ$3:$CJ$3002,계산!$CI$3:$CI$3002,">="&G8,계산!$CI$3:$CI$3002,"<"&EDATE(G8,1))-H8) | J8: =IF(OR(G8="",AND(H8=0,I8=0)),"",H8-I8) | K8: =IF(OR(G8="",H8=0),"",J8/H8)
E9: =IF(C9="","",IF(계산!CI9="","날짜 확인",IF(계산!CJ9="","금액 확인",""))) | G9: =IF(계산!$B$5="","",EDATE(계산!$B$5,-5)) | H9: =IF(G9="","",SUMIFS(계산!$CJ$3:$CJ$3002,$D$3:$D$3002,"수입",계산!$CI$3:$CI$3002,">="&G9,계산!$CI$3:$CI$3002,"<"&EDATE(G9,1))) | I9: =IF(G9="","",SUMIFS(계산!$CJ$3:$CJ$3002,계산!$CI$3:$CI$3002,">="&G9,계산!$CI$3:$CI$3002,"<"&EDATE(G9,1))-H9) | J9: =IF(OR(G9="",AND(H9=0,I9=0)),"",H9-I9) | K9: =IF(OR(G9="",H9=0),"",J9/H9)
E10: =IF(C10="","",IF(계산!CI10="","날짜 확인",IF(계산!CJ10="","금액 확인",""))) | G10: =IF(계산!$B$5="","",EDATE(계산!$B$5,-4)) | H10: =IF(G10="","",SUMIFS(계산!$CJ$3:$CJ$3002,$D$3:$D$3002,"수입",계산!$CI$3:$CI$3002,">="&G10,계산!$CI$3:$CI$3002,"<"&EDATE(G10,1))) | I10: =IF(G10="","",SUMIFS(계산!$CJ$3:$CJ$3002,계산!$CI$3:$CI$3002,">="&G10,계산!$CI$3:$CI$3002,"<"&EDATE(G10,1))-H10) | J10: =IF(OR(G10="",AND(H10=0,I10=0)),"",H10-I10) | K10: =IF(OR(G10="",H10=0),"",J10/H10)
E11: =IF(C11="","",IF(계산!CI11="","날짜 확인",IF(계산!CJ11="","금액 확인",""))) | G11: =IF(계산!$B$5="","",EDATE(계산!$B$5,-3)) | H11: =IF(G11="","",SUMIFS(계산!$CJ$3:$CJ$3002,$D$3:$D$3002,"수입",계산!$CI$3:$CI$3002,">="&G11,계산!$CI$3:$CI$3002,"<"&EDATE(G11,1))) | I11: =IF(G11="","",SUMIFS(계산!$CJ$3:$CJ$3002,계산!$CI$3:$CI$3002,">="&G11,계산!$CI$3:$CI$3002,"<"&EDATE(G11,1))-H11) | J11: =IF(OR(G11="",AND(H11=0,I11=0)),"",H11-I11) | K11: =IF(OR(G11="",H11=0),"",J11/H11)
E12: =IF(C12="","",IF(계산!CI12="","날짜 확인",IF(계산!CJ12="","금액 확인",""))) | G12: =IF(계산!$B$5="","",EDATE(계산!$B$5,-2)) | H12: =IF(G12="","",SUMIFS(계산!$CJ$3:$CJ$3002,$D$3:$D$3002,"수입",계산!$CI$3:$CI$3002,">="&G12,계산!$CI$3:$CI$3002,"<"&EDATE(G12,1))) | I12: =IF(G12="","",SUMIFS(계산!$CJ$3:$CJ$3002,계산!$CI$3:$CI$3002,">="&G12,계산!$CI$3:$CI$3002,"<"&EDATE(G12,1))-H12) | J12: =IF(OR(G12="",AND(H12=0,I12=0)),"",H12-I12) | K12: =IF(OR(G12="",H12=0),"",J12/H12)
E13: =IF(C13="","",IF(계산!CI13="","날짜 확인",IF(계산!CJ13="","금액 확인",""))) | G13: =IF(계산!$B$5="","",EDATE(계산!$B$5,-1)) | H13: =IF(G13="","",SUMIFS(계산!$CJ$3:$CJ$3002,$D$3:$D$3002,"수입",계산!$CI$3:$CI$3002,">="&G13,계산!$CI$3:$CI$3002,"<"&EDATE(G13,1))) | I13: =IF(G13="","",SUMIFS(계산!$CJ$3:$CJ$3002,계산!$CI$3:$CI$3002,">="&G13,계산!$CI$3:$CI$3002,"<"&EDATE(G13,1))-H13) | J13: =IF(OR(G13="",AND(H13=0,I13=0)),"",H13-I13) | K13: =IF(OR(G13="",H13=0),"",J13/H13)
E14: =IF(C14="","",IF(계산!CI14="","날짜 확인",IF(계산!CJ14="","금액 확인",""))) | G14: =IF(계산!$B$5="","",EDATE(계산!$B$5,0)) | H14: =IF(G14="","",SUMIFS(계산!$CJ$3:$CJ$3002,$D$3:$D$3002,"수입",계산!$CI$3:$CI$3002,">="&G14,계산!$CI$3:$CI$3002,"<"&EDATE(G14,1))) | I14: =IF(G14="","",SUMIFS(계산!$CJ$3:$CJ$3002,계산!$CI$3:$CI$3002,">="&G14,계산!$CI$3:$CI$3002,"<"&EDATE(G14,1))-H14) | J14: =IF(OR(G14="",AND(H14=0,I14=0)),"",H14-I14) | K14: =IF(OR(G14="",H14=0),"",J14/H14)
E15: =IF(C15="","",IF(계산!CI15="","날짜 확인",IF(계산!CJ15="","금액 확인","")))
E16: =IF(C16="","",IF(계산!CI16="","날짜 확인",IF(계산!CJ16="","금액 확인","")))
E17: =IF(C17="","",IF(계산!CI17="","날짜 확인",IF(계산!CJ17="","금액 확인","")))
E18: =IF(C18="","",IF(계산!CI18="","날짜 확인",IF(계산!CJ18="","금액 확인","")))
E19: =IF(C19="","",IF(계산!CI19="","날짜 확인",IF(계산!CJ19="","금액 확인","")))
E20: =IF(C20="","",IF(계산!CI20="","날짜 확인",IF(계산!CJ20="","금액 확인","")))
E21: =IF(C21="","",IF(계산!CI21="","날짜 확인",IF(계산!CJ21="","금액 확인","")))
E22: =IF(C22="","",IF(계산!CI22="","날짜 확인",IF(계산!CJ22="","금액 확인","")))
E23: =IF(C23="","",IF(계산!CI23="","날짜 확인",IF(계산!CJ23="","금액 확인","")))
E24: =IF(C24="","",IF(계산!CI24="","날짜 확인",IF(계산!CJ24="","금액 확인","")))
E25: =IF(C25="","",IF(계산!CI25="","날짜 확인",IF(계산!CJ25="","금액 확인","")))
E26: =IF(C26="","",IF(계산!CI26="","날짜 확인",IF(계산!CJ26="","금액 확인","")))
... E3002: =IF(C3002="","",IF(계산!CI3002="","날짜 확인",IF(계산!CJ3002="","금액 확인","")))

Sheet 은퇴 나이
B2: =계산!B33
B3: =IF(계산!B34="","은퇴 나이","은퇴 나이 · "&계산!B34)
B4: =계산!B30
B7: =계산!B31
B8: =계산!B35
B9: 연 지출 | D9: 필요 자산 | F9: 현재 자산
B10: =계산!B6*12 | D10: =계산!B32 | F10: =D13
B12: 현재 나이 | D12: 58 | G12: 세
B13: 현재 자산 | D13: 400000000 | G13: 원
B14: 연 수익률 | D14: 4 | G14: %
B15: 물가 | D15: 3 | G15: %
B16: 국민연금(월) | D16: 1200000 | G16: 원
B18: 파이어맵 계산기와 같은 식 · firemap.kr

Sheet 설명
B2: 쓰는 법
B3: 1. 「월 가계부」에 날짜·항목·금액을 넣고 분류를 목록에서 고릅니다. 월급 같은 들어온 돈은 분류를 「수입」으로 둡니다.
B4: 2. 카드사·가계부 앱에서 내려받은 내역의 날짜·내용·금액 세 열을 A~C열에 그대로 붙여 넣을 수 있습니다. 열 순서가 다르면 순서만 맞춰 주세요.
B5: 3. 날짜는 2026-10-03 · 2026.10.03 · 2026. 10. 3. · 2026/10/03 · 2026년 10월 3일 · 20261003 · 26.10.03 모양을 읽습니다. 읽지 못한 줄은 E열에 「날짜 확인」·「금액 확인」이 뜨고 계산에서 빠집니다.
B6: 4. 「은퇴 나이」 시트에 현재 나이·현재 자산·연 수익률·물가·국민연금 다섯 칸을 넣으면, 다 지난 달 가운데 가장 최근 달의 수입·지출로 은퇴 나이를 계산합니다. 이번 달 줄은 달이 끝난 뒤에 들어갑니다.
B7: 5. 예시 줄(2026년 8~9월)은 지우고 쓰세요. 줄은 3,000줄(3~3002행)까지 셉니다. 넘으면 「은퇴 나이」 시트 맨 위에 알림이 뜹니다.
B9: 계산 가정
B10: · 최근 달 (수입 − 지출)을 은퇴할 때까지 매달 모으고, 은퇴 뒤에는 그달 지출을 매년 물가만큼 늘려 꺼내 씁니다.
B11: · 90세까지 자산이 남는 가장 이른 나이를 찾습니다(70세까지). 퇴직금·부동산·세금은 넣지 않았습니다.
B12: · 국민연금은 넣은 월 금액(지금 돈 기준)을 출생연도에 따라 60~65세부터 받는다고 보고, 물가만큼 늘립니다. 받을 금액을 모르면 0으로 두세요.
B13: · 「이번 달 지출대로면 지난달보다 N개월 빨라져요·늦어져요」는 앞뒤 두 해 결과 사이를 나눠 어림한 값입니다.
B14: · 「월 지출이 10만원 늘면 약 N개월 늦어져요」는 지출에 10만원을 더해 같은 계산을 한 번 더 한 값입니다.
... B21: firemap.kr

Sheet 계산
A1: 나이 | B1: ='은퇴 나이'!D12 | H1: 분류 목록 | CB1: y | CC1: 할인 인출 | CE1: 나이 | CF1: 자산 | CH1: 글자 날짜 | CI1: 날짜 | CJ1: 금액 | CK1: 다 지난 달 | CM1: 연 | CN1: 월 | CO1: 일
A2: 자산 | B2: ='은퇴 나이'!D13 | H2: 수입 | CB2: 1 | CC2: =IF($B$1+CB2>90,0,12*MAX(0,$B$6-IF($B$1+CB2>=$B$23,$B$22,0))*(1+$B$4)^CB2/(1+$B$3)^(CB2-1)) | CE2: =IF($B$1+0>90,NA(),$B$1+0) | CF2: =IF(OR($B$21="",$B$1+0>90),NA(),INDEX($C$40:$BU$90,$B$21-$B$1+1,1))
A3: 수익률 | B3: ='은퇴 나이'!D14/100 | H3: 식료품·비주류음료 | CB3: 2 | CC3: =IF($B$1+CB3>90,0,12*MAX(0,$B$6-IF($B$1+CB3>=$B$23,$B$22,0))*(1+$B$4)^CB3/(1+$B$3)^(CB3-1)) | CE3: =IF($B$1+1>90,NA(),$B$1+1) | CF3: =IF(OR($B$21="",$B$1+1>90),NA(),INDEX($C$40:$BU$90,$B$21-$B$1+1,2)) | CH3: =IF(ISTEXT('월 가계부'!A3),SUBSTITUTE(SUBSTITUTE(SUBSTITUTE(SUBSTITUTE(SUBSTITUTE(SUBSTITUTE(SUBSTITUTE(SUBSTITUTE(SUBSTITUTE(TRIM('월 가계부'!A3),"년","-"),"월","-"),"일",""),".","-"),"/","-")," ","-"),"--","-"),"--","-"),"--","-")&"-","") | CI3: =IFERROR(IF('월 가계부'!A3="","",IF(ISNUMBER('월 가계부'!A3),IF(AND('월 가계부'!A3>=19000101,'월 가계부'!A3<=21001231),IF(AND(MOD(INT('월 가계부'!A3/100),100)>=1,MOD(INT('월 가계부'!A3/100),100)<=12,MOD(INT('월 가계부'!A3),100)>=1,MOD(INT('월 가계부'!A3),100)<=31),IF(MONTH(DATE(INT('월 가계부'!A3/10000),MOD(INT('월 가계부'!A3/100),100),MOD(INT('월 가계부'!A3),100)))=MOD(INT('월 가계부'!A3/100),100),DATE(INT('월 가계부'!A3/10000),MOD(INT('월 가계부'!A3/100),100),MOD(INT('월 가계부'!A3),100)),""),""),IF(AND('월 가계부'!A3>=36526,'월 가계부'!A3<73051),INT('월 가계부'!A3),"")),IF(OR(CM3="",CN3="",CO3=""),"",IF(AND(CM3>=2000,CM3<=2099,CN3>=1,CN3<=12,CO3>=1,CO3<=31),IF(MONTH(DATE(CM3,CN3,CO3))=CN3,DATE(CM3,CN3,CO3),""),"")))),"") | CJ3: =IFERROR(IF('월 가계부'!C3="","",IF(ISNUMBER('월 가계부'!C3),'월 가계부'!C3,VALUE(SUBSTITUTE(SUBSTITUTE(SUBSTITUTE(SUBSTITUTE(TRIM('월 가계부'!C3),",",""),"원","")," ",""),"−","-")))),"") | CK3: =IF(ISNUMBER(CI3),IF(CI3<$B$13,CI3,""),"") | CM3: =IF(CH3="","",IFERROR(IF(IF(AND(LEN(CH3)=9,ISERROR(FIND("-",LEFT(CH3,8))),ISNUMBER(-LEFT(CH3,8))),VALUE(LEFT(CH3,4)),VALUE(LEFT(CH3,FIND("-",CH3)-1)))<100,IF(AND(LEN(CH3)=9,ISERROR(FIND("-",LEFT(CH3,8))),ISNUMBER(-LEFT(CH3,8))),VALUE(LEFT(CH3,4)),VALUE(LEFT(CH3,FIND("-",CH3)-1)))+2000,IF(AND(LEN(CH3)=9,ISERROR(FIND("-",LEFT(CH3,8))),ISNUMBER(-LEFT(CH3,8))),VALUE(LEFT(CH3,4)),VALUE(LEFT(CH3,FIND("-",CH3)-1)))),"")) | CN3: =IF(CH3="","",IFERROR(IF(AND(LEN(CH3)=9,ISERROR(FIND("-",LEFT(CH3,8))),ISNUMBER(-LEFT(CH3,8))),VALUE(MID(CH3,5,2)),VALUE(MID(CH3,FIND("-",CH3)+1,FIND("-",CH3,FIND("-",CH3)+1)-FIND("-",CH3)-1))),"")) | CO3: =IF(CH3="","",IFERROR(IF(AND(LEN(CH3)=9,ISERROR(FIND("-",LEFT(CH3,8))),ISNUMBER(-LEFT(CH3,8))),VALUE(MID(CH3,7,2)),VALUE(MID(CH3,FIND("-",CH3,FIND("-",CH3)+1)+1,FIND("-",CH3,FIND("-",CH3,FIND("-",CH3)+1)+1)-FIND("-",CH3,FIND("-",CH3)+1)-1))),""))
A4: 물가 | B4: ='은퇴 나이'!D15/100 | H4: 주류·담배 | CB4: 3 | CC4: =IF($B$1+CB4>90,0,12*MAX(0,$B$6-IF($B$1+CB4>=$B$23,$B$22,0))*(1+$B$4)^CB4/(1+$B$3)^(CB4-1)) | CE4: =IF($B$1+2>90,NA(),$B$1+2) | CF4: =IF(OR($B$21="",$B$1+2>90),NA(),INDEX($C$40:$BU$90,$B$21-$B$1+1,3)) | CH4: =IF(ISTEXT('월 가계부'!A4),SUBSTITUTE(SUBSTITUTE(SUBSTITUTE(SUBSTITUTE(SUBSTITUTE(SUBSTITUTE(SUBSTITUTE(SUBSTITUTE(SUBSTITUTE(TRIM('월 가계부'!A4),"년","-"),"월","-"),"일",""),".","-"),"/","-")," ","-"),"--","-"),"--","-"),"--","-")&"-","") | CI4: =IFERROR(IF('월 가계부'!A4="","",IF(ISNUMBER('월 가계부'!A4),IF(AND('월 가계부'!A4>=19000101,'월 가계부'!A4<=21001231),IF(AND(MOD(INT('월 가계부'!A4/100),100)>=1,MOD(INT('월 가계부'!A4/100),100)<=12,MOD(INT('월 가계부'!A4),100)>=1,MOD(INT('월 가계부'!A4),100)<=31),IF(MONTH(DATE(INT('월 가계부'!A4/10000),MOD(INT('월 가계부'!A4/100),100),MOD(INT('월 가계부'!A4),100)))=MOD(INT('월 가계부'!A4/100),100),DATE(INT('월 가계부'!A4/10000),MOD(INT('월 가계부'!A4/100),100),MOD(INT('월 가계부'!A4),100)),""),""),IF(AND('월 가계부'!A4>=36526,'월 가계부'!A4<73051),INT('월 가계부'!A4),"")),IF(OR(CM4="",CN4="",CO4=""),"",IF(AND(CM4>=2000,CM4<=2099,CN4>=1,CN4<=12,CO4>=1,CO4<=31),IF(MONTH(DATE(CM4,CN4,CO4))=CN4,DATE(CM4,CN4,CO4),""),"")))),"") | CJ4: =IFERROR(IF('월 가계부'!C4="","",IF(ISNUMBER('월 가계부'!C4),'월 가계부'!C4,VALUE(SUBSTITUTE(SUBSTITUTE(SUBSTITUTE(SUBSTITUTE(TRIM('월 가계부'!C4),",",""),"원","")," ",""),"−","-")))),"") | CK4: =IF(ISNUMBER(CI4),IF(CI4<$B$13,CI4,""),"") | CM4: =IF(CH4="","",IFERROR(IF(IF(AND(LEN(CH4)=9,ISERROR(FIND("-",LEFT(CH4,8))),ISNUMBER(-LEFT(CH4,8))),VALUE(LEFT(CH4,4)),VALUE(LEFT(CH4,FIND("-",CH4)-1)))<100,IF(AND(LEN(CH4)=9,ISERROR(FIND("-",LEFT(CH4,8))),ISNUMBER(-LEFT(CH4,8))),VALUE(LEFT(CH4,4)),VALUE(LEFT(CH4,FIND("-",CH4)-1)))+2000,IF(AND(LEN(CH4)=9,ISERROR(FIND("-",LEFT(CH4,8))),ISNUMBER(-LEFT(CH4,8))),VALUE(LEFT(CH4,4)),VALUE(LEFT(CH4,FIND("-",CH4)-1)))),"")) | CN4: =IF(CH4="","",IFERROR(IF(AND(LEN(CH4)=9,ISERROR(FIND("-",LEFT(CH4,8))),ISNUMBER(-LEFT(CH4,8))),VALUE(MID(CH4,5,2)),VALUE(MID(CH4,FIND("-",CH4)+1,FIND("-",CH4,FIND("-",CH4)+1)-FIND("-",CH4)-1))),"")) | CO4: =IF(CH4="","",IFERROR(IF(AND(LEN(CH4)=9,ISERROR(FIND("-",LEFT(CH4,8))),ISNUMBER(-LEFT(CH4,8))),VALUE(MID(CH4,7,2)),VALUE(MID(CH4,FIND("-",CH4,FIND("-",CH4)+1)+1,FIND("-",CH4,FIND("-",CH4,FIND("-",CH4)+1)+1)-FIND("-",CH4,FIND("-",CH4)+1)-1))),""))
A5: 기준 달 | B5: =IF(B15=0,"",DATE(YEAR(IF(B14>0,B14,B15)),MONTH(IF(B14>0,B14,B15)),1)) | H5: 의류·신발 | CB5: 4 | CC5: =IF($B$1+CB5>90,0,12*MAX(0,$B$6-IF($B$1+CB5>=$B$23,$B$22,0))*(1+$B$4)^CB5/(1+$B$3)^(CB5-1)) | CE5: =IF($B$1+3>90,NA(),$B$1+3) | CF5: =IF(OR($B$21="",$B$1+3>90),NA(),INDEX($C$40:$BU$90,$B$21-$B$1+1,4)) | CH5: =IF(ISTEXT('월 가계부'!A5),SUBSTITUTE(SUBSTITUTE(SUBSTITUTE(SUBSTITUTE(SUBSTITUTE(SUBSTITUTE(SUBSTITUTE(SUBSTITUTE(SUBSTITUTE(TRIM('월 가계부'!A5),"년","-"),"월","-"),"일",""),".","-"),"/","-")," ","-"),"--","-"),"--","-"),"--","-")&"-","") | CI5: =IFERROR(IF('월 가계부'!A5="","",IF(ISNUMBER('월 가계부'!A5),IF(AND('월 가계부'!A5>=19000101,'월 가계부'!A5<=21001231),IF(AND(MOD(INT('월 가계부'!A5/100),100)>=1,MOD(INT('월 가계부'!A5/100),100)<=12,MOD(INT('월 가계부'!A5),100)>=1,MOD(INT('월 가계부'!A5),100)<=31),IF(MONTH(DATE(INT('월 가계부'!A5/10000),MOD(INT('월 가계부'!A5/100),100),MOD(INT('월 가계부'!A5),100)))=MOD(INT('월 가계부'!A5/100),100),DATE(INT('월 가계부'!A5/10000),MOD(INT('월 가계부'!A5/100),100),MOD(INT('월 가계부'!A5),100)),""),""),IF(AND('월 가계부'!A5>=36526,'월 가계부'!A5<73051),INT('월 가계부'!A5),"")),IF(OR(CM5="",CN5="",CO5=""),"",IF(AND(CM5>=2000,CM5<=2099,CN5>=1,CN5<=12,CO5>=1,CO5<=31),IF(MONTH(DATE(CM5,CN5,CO5))=CN5,DATE(CM5,CN5,CO5),""),"")))),"") | CJ5: =IFERROR(IF('월 가계부'!C5="","",IF(ISNUMBER('월 가계부'!C5),'월 가계부'!C5,VALUE(SUBSTITUTE(SUBSTITUTE(SUBSTITUTE(SUBSTITUTE(TRIM('월 가계부'!C5),",",""),"원","")," ",""),"−","-")))),"") | CK5: =IF(ISNUMBER(CI5),IF(CI5<$B$13,CI5,""),"") | CM5: =IF(CH5="","",IFERROR(IF(IF(AND(LEN(CH5)=9,ISERROR(FIND("-",LEFT(CH5,8))),ISNUMBER(-LEFT(CH5,8))),VALUE(LEFT(CH5,4)),VALUE(LEFT(CH5,FIND("-",CH5)-1)))<100,IF(AND(LEN(CH5)=9,ISERROR(FIND("-",LEFT(CH5,8))),ISNUMBER(-LEFT(CH5,8))),VALUE(LEFT(CH5,4)),VALUE(LEFT(CH5,FIND("-",CH5)-1)))+2000,IF(AND(LEN(CH5)=9,ISERROR(FIND("-",LEFT(CH5,8))),ISNUMBER(-LEFT(CH5,8))),VALUE(LEFT(CH5,4)),VALUE(LEFT(CH5,FIND("-",CH5)-1)))),"")) | CN5: =IF(CH5="","",IFERROR(IF(AND(LEN(CH5)=9,ISERROR(FIND("-",LEFT(CH5,8))),ISNUMBER(-LEFT(CH5,8))),VALUE(MID(CH5,5,2)),VALUE(MID(CH5,FIND("-",CH5)+1,FIND("-",CH5,FIND("-",CH5)+1)-FIND("-",CH5)-1))),"")) | CO5: =IF(CH5="","",IFERROR(IF(AND(LEN(CH5)=9,ISERROR(FIND("-",LEFT(CH5,8))),ISNUMBER(-LEFT(CH5,8))),VALUE(MID(CH5,7,2)),VALUE(MID(CH5,FIND("-",CH5,FIND("-",CH5)+1)+1,FIND("-",CH5,FIND("-",CH5,FIND("-",CH5)+1)+1)-FIND("-",CH5,FIND("-",CH5)+1)-1))),""))
A6: 이번 달 지출 | B6: =IF(B5="",0,N(INDEX('월 가계부'!$I$3:$I$14,12))) | H6: 주거·수도·광열 | CB6: 5 | CC6: =IF($B$1+CB6>90,0,12*MAX(0,$B$6-IF($B$1+CB6>=$B$23,$B$22,0))*(1+$B$4)^CB6/(1+$B$3)^(CB6-1)) | CE6: =IF($B$1+4>90,NA(),$B$1+4) | CF6: =IF(OR($B$21="",$B$1+4>90),NA(),INDEX($C$40:$BU$90,$B$21-$B$1+1,5)) | CH6: =IF(ISTEXT('월 가계부'!A6),SUBSTITUTE(SUBSTITUTE(SUBSTITUTE(SUBSTITUTE(SUBSTITUTE(SUBSTITUTE(SUBSTITUTE(SUBSTITUTE(SUBSTITUTE(TRIM('월 가계부'!A6),"년","-"),"월","-"),"일",""),".","-"),"/","-")," ","-"),"--","-"),"--","-"),"--","-")&"-","") | CI6: =IFERROR(IF('월 가계부'!A6="","",IF(ISNUMBER('월 가계부'!A6),IF(AND('월 가계부'!A6>=19000101,'월 가계부'!A6<=21001231),IF(AND(MOD(INT('월 가계부'!A6/100),100)>=1,MOD(INT('월 가계부'!A6/100),100)<=12,MOD(INT('월 가계부'!A6),100)>=1,MOD(INT('월 가계부'!A6),100)<=31),IF(MONTH(DATE(INT('월 가계부'!A6/10000),MOD(INT('월 가계부'!A6/100),100),MOD(INT('월 가계부'!A6),100)))=MOD(INT('월 가계부'!A6/100),100),DATE(INT('월 가계부'!A6/10000),MOD(INT('월 가계부'!A6/100),100),MOD(INT('월 가계부'!A6),100)),""),""),IF(AND('월 가계부'!A6>=36526,'월 가계부'!A6<73051),INT('월 가계부'!A6),"")),IF(OR(CM6="",CN6="",CO6=""),"",IF(AND(CM6>=2000,CM6<=2099,CN6>=1,CN6<=12,CO6>=1,CO6<=31),IF(MONTH(DATE(CM6,CN6,CO6))=CN6,DATE(CM6,CN6,CO6),""),"")))),"") | CJ6: =IFERROR(IF('월 가계부'!C6="","",IF(ISNUMBER('월 가계부'!C6),'월 가계부'!C6,VALUE(SUBSTITUTE(SUBSTITUTE(SUBSTITUTE(SUBSTITUTE(TRIM('월 가계부'!C6),",",""),"원","")," ",""),"−","-")))),"") | CK6: =IF(ISNUMBER(CI6),IF(CI6<$B$13,CI6,""),"") | CM6: =IF(CH6="","",IFERROR(IF(IF(AND(LEN(CH6)=9,ISERROR(FIND("-",LEFT(CH6,8))),ISNUMBER(-LEFT(CH6,8))),VALUE(LEFT(CH6,4)),VALUE(LEFT(CH6,FIND("-",CH6)-1)))<100,IF(AND(LEN(CH6)=9,ISERROR(FIND("-",LEFT(CH6,8))),ISNUMBER(-LEFT(CH6,8))),VALUE(LEFT(CH6,4)),VALUE(LEFT(CH6,FIND("-",CH6)-1)))+2000,IF(AND(LEN(CH6)=9,ISERROR(FIND("-",LEFT(CH6,8))),ISNUMBER(-LEFT(CH6,8))),VALUE(LEFT(CH6,4)),VALUE(LEFT(CH6,FIND("-",CH6)-1)))),"")) | CN6: =IF(CH6="","",IFERROR(IF(AND(LEN(CH6)=9,ISERROR(FIND("-",LEFT(CH6,8))),ISNUMBER(-LEFT(CH6,8))),VALUE(MID(CH6,5,2)),VALUE(MID(CH6,FIND("-",CH6)+1,FIND("-",CH6,FIND("-",CH6)+1)-FIND("-",CH6)-1))),"")) | CO6: =IF(CH6="","",IFERROR(IF(AND(LEN(CH6)=9,ISERROR(FIND("-",LEFT(CH6,8))),ISNUMBER(-LEFT(CH6,8))),VALUE(MID(CH6,7,2)),VALUE(MID(CH6,FIND("-",CH6,FIND("-",CH6)+1)+1,FIND("-",CH6,FIND("-",CH6,FIND("-",CH6)+1)+1)-FIND("-",CH6,FIND("-",CH6)+1)-1))),""))
A7: 이번 달 저축 | B7: =IF(B5="",0,N(INDEX('월 가계부'!$J$3:$J$14,12))) | H7: 가정용품·가사서비스 | CB7: 6 | CC7: =IF($B$1+CB7>90,0,12*MAX(0,$B$6-IF($B$1+CB7>=$B$23,$B$22,0))*(1+$B$4)^CB7/(1+$B$3)^(CB7-1)) | CE7: =IF($B$1+5>90,NA(),$B$1+5) | CF7: =IF(OR($B$21="",$B$1+5>90),NA(),INDEX($C$40:$BU$90,$B$21-$B$1+1,6)) | CH7: =IF(ISTEXT('월 가계부'!A7),SUBSTITUTE(SUBSTITUTE(SUBSTITUTE(SUBSTITUTE(SUBSTITUTE(SUBSTITUTE(SUBSTITUTE(SUBSTITUTE(SUBSTITUTE(TRIM('월 가계부'!A7),"년","-"),"월","-"),"일",""),".","-"),"/","-")," ","-"),"--","-"),"--","-"),"--","-")&"-","") | CI7: =IFERROR(IF('월 가계부'!A7="","",IF(ISNUMBER('월 가계부'!A7),IF(AND('월 가계부'!A7>=19000101,'월 가계부'!A7<=21001231),IF(AND(MOD(INT('월 가계부'!A7/100),100)>=1,MOD(INT('월 가계부'!A7/100),100)<=12,MOD(INT('월 가계부'!A7),100)>=1,MOD(INT('월 가계부'!A7),100)<=31),IF(MONTH(DATE(INT('월 가계부'!A7/10000),MOD(INT('월 가계부'!A7/100),100),MOD(INT('월 가계부'!A7),100)))=MOD(INT('월 가계부'!A7/100),100),DATE(INT('월 가계부'!A7/10000),MOD(INT('월 가계부'!A7/100),100),MOD(INT('월 가계부'!A7),100)),""),""),IF(AND('월 가계부'!A7>=36526,'월 가계부'!A7<73051),INT('월 가계부'!A7),"")),IF(OR(CM7="",CN7="",CO7=""),"",IF(AND(CM7>=2000,CM7<=2099,CN7>=1,CN7<=12,CO7>=1,CO7<=31),IF(MONTH(DATE(CM7,CN7,CO7))=CN7,DATE(CM7,CN7,CO7),""),"")))),"") | CJ7: =IFERROR(IF('월 가계부'!C7="","",IF(ISNUMBER('월 가계부'!C7),'월 가계부'!C7,VALUE(SUBSTITUTE(SUBSTITUTE(SUBSTITUTE(SUBSTITUTE(TRIM('월 가계부'!C7),",",""),"원","")," ",""),"−","-")))),"") | CK7: =IF(ISNUMBER(CI7),IF(CI7<$B$13,CI7,""),"") | CM7: =IF(CH7="","",IFERROR(IF(IF(AND(LEN(CH7)=9,ISERROR(FIND("-",LEFT(CH7,8))),ISNUMBER(-LEFT(CH7,8))),VALUE(LEFT(CH7,4)),VALUE(LEFT(CH7,FIND("-",CH7)-1)))<100,IF(AND(LEN(CH7)=9,ISERROR(FIND("-",LEFT(CH7,8))),ISNUMBER(-LEFT(CH7,8))),VALUE(LEFT(CH7,4)),VALUE(LEFT(CH7,FIND("-",CH7)-1)))+2000,IF(AND(LEN(CH7)=9,ISERROR(FIND("-",LEFT(CH7,8))),ISNUMBER(-LEFT(CH7,8))),VALUE(LEFT(CH7,4)),VALUE(LEFT(CH7,FIND("-",CH7)-1)))),"")) | CN7: =IF(CH7="","",IFERROR(IF(AND(LEN(CH7)=9,ISERROR(FIND("-",LEFT(CH7,8))),ISNUMBER(-LEFT(CH7,8))),VALUE(MID(CH7,5,2)),VALUE(MID(CH7,FIND("-",CH7)+1,FIND("-",CH7,FIND("-",CH7)+1)-FIND("-",CH7)-1))),"")) | CO7: =IF(CH7="","",IFERROR(IF(AND(LEN(CH7)=9,ISERROR(FIND("-",LEFT(CH7,8))),ISNUMBER(-LEFT(CH7,8))),VALUE(MID(CH7,7,2)),VALUE(MID(CH7,FIND("-",CH7,FIND("-",CH7)+1)+1,FIND("-",CH7,FIND("-",CH7,FIND("-",CH7)+1)+1)-FIND("-",CH7,FIND("-",CH7)+1)-1))),""))
A8: 지난달 지출 | B8: =IF(B5="",0,N(INDEX('월 가계부'!$I$3:$I$14,11))) | H8: 보건 | CB8: 7 | CC8: =IF($B$1+CB8>90,0,12*MAX(0,$B$6-IF($B$1+CB8>=$B$23,$B$22,0))*(1+$B$4)^CB8/(1+$B$3)^(CB8-1)) | CE8: =IF($B$1+6>90,NA(),$B$1+6) | CF8: =IF(OR($B$21="",$B$1+6>90),NA(),INDEX($C$40:$BU$90,$B$21-$B$1+1,7)) | CH8: =IF(ISTEXT('월 가계부'!A8),SUBSTITUTE(SUBSTITUTE(SUBSTITUTE(SUBSTITUTE(SUBSTITUTE(SUBSTITUTE(SUBSTITUTE(SUBSTITUTE(SUBSTITUTE(TRIM('월 가계부'!A8),"년","-"),"월","-"),"일",""),".","-"),"/","-")," ","-"),"--","-"),"--","-"),"--","-")&"-","") | CI8: =IFERROR(IF('월 가계부'!A8="","",IF(ISNUMBER('월 가계부'!A8),IF(AND('월 가계부'!A8>=19000101,'월 가계부'!A8<=21001231),IF(AND(MOD(INT('월 가계부'!A8/100),100)>=1,MOD(INT('월 가계부'!A8/100),100)<=12,MOD(INT('월 가계부'!A8),100)>=1,MOD(INT('월 가계부'!A8),100)<=31),IF(MONTH(DATE(INT('월 가계부'!A8/10000),MOD(INT('월 가계부'!A8/100),100),MOD(INT('월 가계부'!A8),100)))=MOD(INT('월 가계부'!A8/100),100),DATE(INT('월 가계부'!A8/10000),MOD(INT('월 가계부'!A8/100),100),MOD(INT('월 가계부'!A8),100)),""),""),IF(AND('월 가계부'!A8>=36526,'월 가계부'!A8<73051),INT('월 가계부'!A8),"")),IF(OR(CM8="",CN8="",CO8=""),"",IF(AND(CM8>=2000,CM8<=2099,CN8>=1,CN8<=12,CO8>=1,CO8<=31),IF(MONTH(DATE(CM8,CN8,CO8))=CN8,DATE(CM8,CN8,CO8),""),"")))),"") | CJ8: =IFERROR(IF('월 가계부'!C8="","",IF(ISNUMBER('월 가계부'!C8),'월 가계부'!C8,VALUE(SUBSTITUTE(SUBSTITUTE(SUBSTITUTE(SUBSTITUTE(TRIM('월 가계부'!C8),",",""),"원","")," ",""),"−","-")))),"") | CK8: =IF(ISNUMBER(CI8),IF(CI8<$B$13,CI8,""),"") | CM8: =IF(CH8="","",IFERROR(IF(IF(AND(LEN(CH8)=9,ISERROR(FIND("-",LEFT(CH8,8))),ISNUMBER(-LEFT(CH8,8))),VALUE(LEFT(CH8,4)),VALUE(LEFT(CH8,FIND("-",CH8)-1)))<100,IF(AND(LEN(CH8)=9,ISERROR(FIND("-",LEFT(CH8,8))),ISNUMBER(-LEFT(CH8,8))),VALUE(LEFT(CH8,4)),VALUE(LEFT(CH8,FIND("-",CH8)-1)))+2000,IF(AND(LEN(CH8)=9,ISERROR(FIND("-",LEFT(CH8,8))),ISNUMBER(-LEFT(CH8,8))),VALUE(LEFT(CH8,4)),VALUE(LEFT(CH8,FIND("-",CH8)-1)))),"")) | CN8: =IF(CH8="","",IFERROR(IF(AND(LEN(CH8)=9,ISERROR(FIND("-",LEFT(CH8,8))),ISNUMBER(-LEFT(CH8,8))),VALUE(MID(CH8,5,2)),VALUE(MID(CH8,FIND("-",CH8)+1,FIND("-",CH8,FIND("-",CH8)+1)-FIND("-",CH8)-1))),"")) | CO8: =IF(CH8="","",IFERROR(IF(AND(LEN(CH8)=9,ISERROR(FIND("-",LEFT(CH8,8))),ISNUMBER(-LEFT(CH8,8))),VALUE(MID(CH8,7,2)),VALUE(MID(CH8,FIND("-",CH8,FIND("-",CH8)+1)+1,FIND("-",CH8,FIND("-",CH8,FIND("-",CH8)+1)+1)-FIND("-",CH8,FIND("-",CH8)+1)-1))),""))
A9: 지난달 저축 | B9: =IF(B5="",0,N(INDEX('월 가계부'!$J$3:$J$14,11))) | H9: 교통 | CB9: 8 | CC9: =IF($B$1+CB9>90,0,12*MAX(0,$B$6-IF($B$1+CB9>=$B$23,$B$22,0))*(1+$B$4)^CB9/(1+$B$3)^(CB9-1)) | CE9: =IF($B$1+7>90,NA(),$B$1+7) | CF9: =IF(OR($B$21="",$B$1+7>90),NA(),INDEX($C$40:$BU$90,$B$21-$B$1+1,8)) | CH9: =IF(ISTEXT('월 가계부'!A9),SUBSTITUTE(SUBSTITUTE(SUBSTITUTE(SUBSTITUTE(SUBSTITUTE(SUBSTITUTE(SUBSTITUTE(SUBSTITUTE(SUBSTITUTE(TRIM('월 가계부'!A9),"년","-"),"월","-"),"일",""),".","-"),"/","-")," ","-"),"--","-"),"--","-"),"--","-")&"-","") | CI9: =IFERROR(IF('월 가계부'!A9="","",IF(ISNUMBER('월 가계부'!A9),IF(AND('월 가계부'!A9>=19000101,'월 가계부'!A9<=21001231),IF(AND(MOD(INT('월 가계부'!A9/100),100)>=1,MOD(INT('월 가계부'!A9/100),100)<=12,MOD(INT('월 가계부'!A9),100)>=1,MOD(INT('월 가계부'!A9),100)<=31),IF(MONTH(DATE(INT('월 가계부'!A9/10000),MOD(INT('월 가계부'!A9/100),100),MOD(INT('월 가계부'!A9),100)))=MOD(INT('월 가계부'!A9/100),100),DATE(INT('월 가계부'!A9/10000),MOD(INT('월 가계부'!A9/100),100),MOD(INT('월 가계부'!A9),100)),""),""),IF(AND('월 가계부'!A9>=36526,'월 가계부'!A9<73051),INT('월 가계부'!A9),"")),IF(OR(CM9="",CN9="",CO9=""),"",IF(AND(CM9>=2000,CM9<=2099,CN9>=1,CN9<=12,CO9>=1,CO9<=31),IF(MONTH(DATE(CM9,CN9,CO9))=CN9,DATE(CM9,CN9,CO9),""),"")))),"") | CJ9: =IFERROR(IF('월 가계부'!C9="","",IF(ISNUMBER('월 가계부'!C9),'월 가계부'!C9,VALUE(SUBSTITUTE(SUBSTITUTE(SUBSTITUTE(SUBSTITUTE(TRIM('월 가계부'!C9),",",""),"원","")," ",""),"−","-")))),"") | CK9: =IF(ISNUMBER(CI9),IF(CI9<$B$13,CI9,""),"") | CM9: =IF(CH9="","",IFERROR(IF(IF(AND(LEN(CH9)=9,ISERROR(FIND("-",LEFT(CH9,8))),ISNUMBER(-LEFT(CH9,8))),VALUE(LEFT(CH9,4)),VALUE(LEFT(CH9,FIND("-",CH9)-1)))<100,IF(AND(LEN(CH9)=9,ISERROR(FIND("-",LEFT(CH9,8))),ISNUMBER(-LEFT(CH9,8))),VALUE(LEFT(CH9,4)),VALUE(LEFT(CH9,FIND("-",CH9)-1)))+2000,IF(AND(LEN(CH9)=9,ISERROR(FIND("-",LEFT(CH9,8))),ISNUMBER(-LEFT(CH9,8))),VALUE(LEFT(CH9,4)),VALUE(LEFT(CH9,FIND("-",CH9)-1)))),"")) | CN9: =IF(CH9="","",IFERROR(IF(AND(LEN(CH9)=9,ISERROR(FIND("-",LEFT(CH9,8))),ISNUMBER(-LEFT(CH9,8))),VALUE(MID(CH9,5,2)),VALUE(MID(CH9,FIND("-",CH9)+1,FIND("-",CH9,FIND("-",CH9)+1)-FIND("-",CH9)-1))),"")) | CO9: =IF(CH9="","",IFERROR(IF(AND(LEN(CH9)=9,ISERROR(FIND("-",LEFT(CH9,8))),ISNUMBER(-LEFT(CH9,8))),VALUE(MID(CH9,7,2)),VALUE(MID(CH9,FIND("-",CH9,FIND("-",CH9)+1)+1,FIND("-",CH9,FIND("-",CH9,FIND("-",CH9)+1)+1)-FIND("-",CH9,FIND("-",CH9)+1)-1))),""))
A10: 기울기 증가분 | B10: 100000 | H10: 통신 | CB10: 9 | CC10: =IF($B$1+CB10>90,0,12*MAX(0,$B$6-IF($B$1+CB10>=$B$23,$B$22,0))*(1+$B$4)^CB10/(1+$B$3)^(CB10-1)) | CE10: =IF($B$1+8>90,NA(),$B$1+8) | CF10: =IF(OR($B$21="",$B$1+8>90),NA(),INDEX($C$40:$BU$90,$B$21-$B$1+1,9)) | CH10: =IF(ISTEXT('월 가계부'!A10),SUBSTITUTE(SUBSTITUTE(SUBSTITUTE(SUBSTITUTE(SUBSTITUTE(SUBSTITUTE(SUBSTITUTE(SUBSTITUTE(SUBSTITUTE(TRIM('월 가계부'!A10),"년","-"),"월","-"),"일",""),".","-"),"/","-")," ","-"),"--","-"),"--","-"),"--","-")&"-","") | CI10: =IFERROR(IF('월 가계부'!A10="","",IF(ISNUMBER('월 가계부'!A10),IF(AND('월 가계부'!A10>=19000101,'월 가계부'!A10<=21001231),IF(AND(MOD(INT('월 가계부'!A10/100),100)>=1,MOD(INT('월 가계부'!A10/100),100)<=12,MOD(INT('월 가계부'!A10),100)>=1,MOD(INT('월 가계부'!A10),100)<=31),IF(MONTH(DATE(INT('월 가계부'!A10/10000),MOD(INT('월 가계부'!A10/100),100),MOD(INT('월 가계부'!A10),100)))=MOD(INT('월 가계부'!A10/100),100),DATE(INT('월 가계부'!A10/10000),MOD(INT('월 가계부'!A10/100),100),MOD(INT('월 가계부'!A10),100)),""),""),IF(AND('월 가계부'!A10>=36526,'월 가계부'!A10<73051),INT('월 가계부'!A10),"")),IF(OR(CM10="",CN10="",CO10=""),"",IF(AND(CM10>=2000,CM10<=2099,CN10>=1,CN10<=12,CO10>=1,CO10<=31),IF(MONTH(DATE(CM10,CN10,CO10))=CN10,DATE(CM10,CN10,CO10),""),"")))),"") | CJ10: =IFERROR(IF('월 가계부'!C10="","",IF(ISNUMBER('월 가계부'!C10),'월 가계부'!C10,VALUE(SUBSTITUTE(SUBSTITUTE(SUBSTITUTE(SUBSTITUTE(TRIM('월 가계부'!C10),",",""),"원","")," ",""),"−","-")))),"") | CK10: =IF(ISNUMBER(CI10),IF(CI10<$B$13,CI10,""),"") | CM10: =IF(CH10="","",IFERROR(IF(IF(AND(LEN(CH10)=9,ISERROR(FIND("-",LEFT(CH10,8))),ISNUMBER(-LEFT(CH10,8))),VALUE(LEFT(CH10,4)),VALUE(LEFT(CH10,FIND("-",CH10)-1)))<100,IF(AND(LEN(CH10)=9,ISERROR(FIND("-",LEFT(CH10,8))),ISNUMBER(-LEFT(CH10,8))),VALUE(LEFT(CH10,4)),VALUE(LEFT(CH10,FIND("-",CH10)-1)))+2000,IF(AND(LEN(CH10)=9,ISERROR(FIND("-",LEFT(CH10,8))),ISNUMBER(-LEFT(CH10,8))),VALUE(LEFT(CH10,4)),VALUE(LEFT(CH10,FIND("-",CH10)-1)))),"")) | CN10: =IF(CH10="","",IFERROR(IF(AND(LEN(CH10)=9,ISERROR(FIND("-",LEFT(CH10,8))),ISNUMBER(-LEFT(CH10,8))),VALUE(MID(CH10,5,2)),VALUE(MID(CH10,FIND("-",CH10)+1,FIND("-",CH10,FIND("-",CH10)+1)-FIND("-",CH10)-1))),"")) | CO10: =IF(CH10="","",IFERROR(IF(AND(LEN(CH10)=9,ISERROR(FIND("-",LEFT(CH10,8))),ISNUMBER(-LEFT(CH10,8))),VALUE(MID(CH10,7,2)),VALUE(MID(CH10,FIND("-",CH10,FIND("-",CH10)+1)+1,FIND("-",CH10,FIND("-",CH10,FIND("-",CH10)+1)+1)-FIND("-",CH10,FIND("-",CH10)+1)-1))),""))
H11: 오락·문화 | CB11: 10 | CC11: =IF($B$1+CB11>90,0,12*MAX(0,$B$6-IF($B$1+CB11>=$B$23,$B$22,0))*(1+$B$4)^CB11/(1+$B$3)^(CB11-1)) | CE11: =IF($B$1+9>90,NA(),$B$1+9) | CF11: =IF(OR($B$21="",$B$1+9>90),NA(),INDEX($C$40:$BU$90,$B$21-$B$1+1,10)) | CH11: =IF(ISTEXT('월 가계부'!A11),SUBSTITUTE(SUBSTITUTE(SUBSTITUTE(SUBSTITUTE(SUBSTITUTE(SUBSTITUTE(SUBSTITUTE(SUBSTITUTE(SUBSTITUTE(TRIM('월 가계부'!A11),"년","-"),"월","-"),"일",""),".","-"),"/","-")," ","-"),"--","-"),"--","-"),"--","-")&"-","") | CI11: =IFERROR(IF('월 가계부'!A11="","",IF(ISNUMBER('월 가계부'!A11),IF(AND('월 가계부'!A11>=19000101,'월 가계부'!A11<=21001231),IF(AND(MOD(INT('월 가계부'!A11/100),100)>=1,MOD(INT('월 가계부'!A11/100),100)<=12,MOD(INT('월 가계부'!A11),100)>=1,MOD(INT('월 가계부'!A11),100)<=31),IF(MONTH(DATE(INT('월 가계부'!A11/10000),MOD(INT('월 가계부'!A11/100),100),MOD(INT('월 가계부'!A11),100)))=MOD(INT('월 가계부'!A11/100),100),DATE(INT('월 가계부'!A11/10000),MOD(INT('월 가계부'!A11/100),100),MOD(INT('월 가계부'!A11),100)),""),""),IF(AND('월 가계부'!A11>=36526,'월 가계부'!A11<73051),INT('월 가계부'!A11),"")),IF(OR(CM11="",CN11="",CO11=""),"",IF(AND(CM11>=2000,CM11<=2099,CN11>=1,CN11<=12,CO11>=1,CO11<=31),IF(MONTH(DATE(CM11,CN11,CO11))=CN11,DATE(CM11,CN11,CO11),""),"")))),"") | CJ11: =IFERROR(IF('월 가계부'!C11="","",IF(ISNUMBER('월 가계부'!C11),'월 가계부'!C11,VALUE(SUBSTITUTE(SUBSTITUTE(SUBSTITUTE(SUBSTITUTE(TRIM('월 가계부'!C11),",",""),"원","")," ",""),"−","-")))),"") | CK11: =IF(ISNUMBER(CI11),IF(CI11<$B$13,CI11,""),"") | CM11: =IF(CH11="","",IFERROR(IF(IF(AND(LEN(CH11)=9,ISERROR(FIND("-",LEFT(CH11,8))),ISNUMBER(-LEFT(CH11,8))),VALUE(LEFT(CH11,4)),VALUE(LEFT(CH11,FIND("-",CH11)-1)))<100,IF(AND(LEN(CH11)=9,ISERROR(FIND("-",LEFT(CH11,8))),ISNUMBER(-LEFT(CH11,8))),VALUE(LEFT(CH11,4)),VALUE(LEFT(CH11,FIND("-",CH11)-1)))+2000,IF(AND(LEN(CH11)=9,ISERROR(FIND("-",LEFT(CH11,8))),ISNUMBER(-LEFT(CH11,8))),VALUE(LEFT(CH11,4)),VALUE(LEFT(CH11,FIND("-",CH11)-1)))),"")) | CN11: =IF(CH11="","",IFERROR(IF(AND(LEN(CH11)=9,ISERROR(FIND("-",LEFT(CH11,8))),ISNUMBER(-LEFT(CH11,8))),VALUE(MID(CH11,5,2)),VALUE(MID(CH11,FIND("-",CH11)+1,FIND("-",CH11,FIND("-",CH11)+1)-FIND("-",CH11)-1))),"")) | CO11: =IF(CH11="","",IFERROR(IF(AND(LEN(CH11)=9,ISERROR(FIND("-",LEFT(CH11,8))),ISNUMBER(-LEFT(CH11,8))),VALUE(MID(CH11,7,2)),VALUE(MID(CH11,FIND("-",CH11,FIND("-",CH11)+1)+1,FIND("-",CH11,FIND("-",CH11,FIND("-",CH11)+1)+1)-FIND("-",CH11,FIND("-",CH11)+1)-1))),""))
H12: 교육 | CB12: 11 | CC12: =IF($B$1+CB12>90,0,12*MAX(0,$B$6-IF($B$1+CB12>=$B$23,$B$22,0))*(1+$B$4)^CB12/(1+$B$3)^(CB12-1)) | CE12: =IF($B$1+10>90,NA(),$B$1+10) | CF12: =IF(OR($B$21="",$B$1+10>90),NA(),INDEX($C$40:$BU$90,$B$21-$B$1+1,11)) | CH12: =IF(ISTEXT('월 가계부'!A12),SUBSTITUTE(SUBSTITUTE(SUBSTITUTE(SUBSTITUTE(SUBSTITUTE(SUBSTITUTE(SUBSTITUTE(SUBSTITUTE(SUBSTITUTE(TRIM('월 가계부'!A12),"년","-"),"월","-"),"일",""),".","-"),"/","-")," ","-"),"--","-"),"--","-"),"--","-")&"-","") | CI12: =IFERROR(IF('월 가계부'!A12="","",IF(ISNUMBER('월 가계부'!A12),IF(AND('월 가계부'!A12>=19000101,'월 가계부'!A12<=21001231),IF(AND(MOD(INT('월 가계부'!A12/100),100)>=1,MOD(INT('월 가계부'!A12/100),100)<=12,MOD(INT('월 가계부'!A12),100)>=1,MOD(INT('월 가계부'!A12),100)<=31),IF(MONTH(DATE(INT('월 가계부'!A12/10000),MOD(INT('월 가계부'!A12/100),100),MOD(INT('월 가계부'!A12),100)))=MOD(INT('월 가계부'!A12/100),100),DATE(INT('월 가계부'!A12/10000),MOD(INT('월 가계부'!A12/100),100),MOD(INT('월 가계부'!A12),100)),""),""),IF(AND('월 가계부'!A12>=36526,'월 가계부'!A12<73051),INT('월 가계부'!A12),"")),IF(OR(CM12="",CN12="",CO12=""),"",IF(AND(CM12>=2000,CM12<=2099,CN12>=1,CN12<=12,CO12>=1,CO12<=31),IF(MONTH(DATE(CM12,CN12,CO12))=CN12,DATE(CM12,CN12,CO12),""),"")))),"") | CJ12: =IFERROR(IF('월 가계부'!C12="","",IF(ISNUMBER('월 가계부'!C12),'월 가계부'!C12,VALUE(SUBSTITUTE(SUBSTITUTE(SUBSTITUTE(SUBSTITUTE(TRIM('월 가계부'!C12),",",""),"원","")," ",""),"−","-")))),"") | CK12: =IF(ISNUMBER(CI12),IF(CI12<$B$13,CI12,""),"") | CM12: =IF(CH12="","",IFERROR(IF(IF(AND(LEN(CH12)=9,ISERROR(FIND("-",LEFT(CH12,8))),ISNUMBER(-LEFT(CH12,8))),VALUE(LEFT(CH12,4)),VALUE(LEFT(CH12,FIND("-",CH12)-1)))<100,IF(AND(LEN(CH12)=9,ISERROR(FIND("-",LEFT(CH12,8))),ISNUMBER(-LEFT(CH12,8))),VALUE(LEFT(CH12,4)),VALUE(LEFT(CH12,FIND("-",CH12)-1)))+2000,IF(AND(LEN(CH12)=9,ISERROR(FIND("-",LEFT(CH12,8))),ISNUMBER(-LEFT(CH12,8))),VALUE(LEFT(CH12,4)),VALUE(LEFT(CH12,FIND("-",CH12)-1)))),"")) | CN12: =IF(CH12="","",IFERROR(IF(AND(LEN(CH12)=9,ISERROR(FIND("-",LEFT(CH12,8))),ISNUMBER(-LEFT(CH12,8))),VALUE(MID(CH12,5,2)),VALUE(MID(CH12,FIND("-",CH12)+1,FIND("-",CH12,FIND("-",CH12)+1)-FIND("-",CH12)-1))),"")) | CO12: =IF(CH12="","",IFERROR(IF(AND(LEN(CH12)=9,ISERROR(FIND("-",LEFT(CH12,8))),ISNUMBER(-LEFT(CH12,8))),VALUE(MID(CH12,7,2)),VALUE(MID(CH12,FIND("-",CH12,FIND("-",CH12)+1)+1,FIND("-",CH12,FIND("-",CH12,FIND("-",CH12)+1)+1)-FIND("-",CH12,FIND("-",CH12)+1)-1))),""))
A13: 이번 달 1일 | B13: =DATE(YEAR(TODAY()),MONTH(TODAY()),1) | H13: 음식·숙박 | CB13: 12 | CC13: =IF($B$1+CB13>90,0,12*MAX(0,$B$6-IF($B$1+CB13>=$B$23,$B$22,0))*(1+$B$4)^CB13/(1+$B$3)^(CB13-1)) | CE13: =IF($B$1+11>90,NA(),$B$1+11) | CF13: =IF(OR($B$21="",$B$1+11>90),NA(),INDEX($C$40:$BU$90,$B$21-$B$1+1,12)) | CH13: =IF(ISTEXT('월 가계부'!A13),SUBSTITUTE(SUBSTITUTE(SUBSTITUTE(SUBSTITUTE(SUBSTITUTE(SUBSTITUTE(SUBSTITUTE(SUBSTITUTE(SUBSTITUTE(TRIM('월 가계부'!A13),"년","-"),"월","-"),"일",""),".","-"),"/","-")," ","-"),"--","-"),"--","-"),"--","-")&"-","") | CI13: =IFERROR(IF('월 가계부'!A13="","",IF(ISNUMBER('월 가계부'!A13),IF(AND('월 가계부'!A13>=19000101,'월 가계부'!A13<=21001231),IF(AND(MOD(INT('월 가계부'!A13/100),100)>=1,MOD(INT('월 가계부'!A13/100),100)<=12,MOD(INT('월 가계부'!A13),100)>=1,MOD(INT('월 가계부'!A13),100)<=31),IF(MONTH(DATE(INT('월 가계부'!A13/10000),MOD(INT('월 가계부'!A13/100),100),MOD(INT('월 가계부'!A13),100)))=MOD(INT('월 가계부'!A13/100),100),DATE(INT('월 가계부'!A13/10000),MOD(INT('월 가계부'!A13/100),100),MOD(INT('월 가계부'!A13),100)),""),""),IF(AND('월 가계부'!A13>=36526,'월 가계부'!A13<73051),INT('월 가계부'!A13),"")),IF(OR(CM13="",CN13="",CO13=""),"",IF(AND(CM13>=2000,CM13<=2099,CN13>=1,CN13<=12,CO13>=1,CO13<=31),IF(MONTH(DATE(CM13,CN13,CO13))=CN13,DATE(CM13,CN13,CO13),""),"")))),"") | CJ13: =IFERROR(IF('월 가계부'!C13="","",IF(ISNUMBER('월 가계부'!C13),'월 가계부'!C13,VALUE(SUBSTITUTE(SUBSTITUTE(SUBSTITUTE(SUBSTITUTE(TRIM('월 가계부'!C13),",",""),"원","")," ",""),"−","-")))),"") | CK13: =IF(ISNUMBER(CI13),IF(CI13<$B$13,CI13,""),"") | CM13: =IF(CH13="","",IFERROR(IF(IF(AND(LEN(CH13)=9,ISERROR(FIND("-",LEFT(CH13,8))),ISNUMBER(-LEFT(CH13,8))),VALUE(LEFT(CH13,4)),VALUE(LEFT(CH13,FIND("-",CH13)-1)))<100,IF(AND(LEN(CH13)=9,ISERROR(FIND("-",LEFT(CH13,8))),ISNUMBER(-LEFT(CH13,8))),VALUE(LEFT(CH13,4)),VALUE(LEFT(CH13,FIND("-",CH13)-1)))+2000,IF(AND(LEN(CH13)=9,ISERROR(FIND("-",LEFT(CH13,8))),ISNUMBER(-LEFT(CH13,8))),VALUE(LEFT(CH13,4)),VALUE(LEFT(CH13,FIND("-",CH13)-1)))),"")) | CN13: =IF(CH13="","",IFERROR(IF(AND(LEN(CH13)=9,ISERROR(FIND("-",LEFT(CH13,8))),ISNUMBER(-LEFT(CH13,8))),VALUE(MID(CH13,5,2)),VALUE(MID(CH13,FIND("-",CH13)+1,FIND("-",CH13,FIND("-",CH13)+1)-FIND("-",CH13)-1))),"")) | CO13: =IF(CH13="","",IFERROR(IF(AND(LEN(CH13)=9,ISERROR(FIND("-",LEFT(CH13,8))),ISNUMBER(-LEFT(CH13,8))),VALUE(MID(CH13,7,2)),VALUE(MID(CH13,FIND("-",CH13,FIND("-",CH13)+1)+1,FIND("-",CH13,FIND("-",CH13,FIND("-",CH13)+1)+1)-FIND("-",CH13,FIND("-",CH13)+1)-1))),""))
A14: 다 지난 달 마지막 날짜 | B14: =MAX($CK$3:$CK$3002) | H14: 기타상품·서비스 | CB14: 13 | CC14: =IF($B$1+CB14>90,0,12*MAX(0,$B$6-IF($B$1+CB14>=$B$23,$B$22,0))*(1+$B$4)^CB14/(1+$B$3)^(CB14-1)) | CE14: =IF($B$1+12>90,NA(),$B$1+12) | CF14: =IF(OR($B$21="",$B$1+12>90),NA(),INDEX($C$40:$BU$90,$B$21-$B$1+1,13)) | CH14: =IF(ISTEXT('월 가계부'!A14),SUBSTITUTE(SUBSTITUTE(SUBSTITUTE(SUBSTITUTE(SUBSTITUTE(SUBSTITUTE(SUBSTITUTE(SUBSTITUTE(SUBSTITUTE(TRIM('월 가계부'!A14),"년","-"),"월","-"),"일",""),".","-"),"/","-")," ","-"),"--","-"),"--","-"),"--","-")&"-","") | CI14: =IFERROR(IF('월 가계부'!A14="","",IF(ISNUMBER('월 가계부'!A14),IF(AND('월 가계부'!A14>=19000101,'월 가계부'!A14<=21001231),IF(AND(MOD(INT('월 가계부'!A14/100),100)>=1,MOD(INT('월 가계부'!A14/100),100)<=12,MOD(INT('월 가계부'!A14),100)>=1,MOD(INT('월 가계부'!A14),100)<=31),IF(MONTH(DATE(INT('월 가계부'!A14/10000),MOD(INT('월 가계부'!A14/100),100),MOD(INT('월 가계부'!A14),100)))=MOD(INT('월 가계부'!A14/100),100),DATE(INT('월 가계부'!A14/10000),MOD(INT('월 가계부'!A14/100),100),MOD(INT('월 가계부'!A14),100)),""),""),IF(AND('월 가계부'!A14>=36526,'월 가계부'!A14<73051),INT('월 가계부'!A14),"")),IF(OR(CM14="",CN14="",CO14=""),"",IF(AND(CM14>=2000,CM14<=2099,CN14>=1,CN14<=12,CO14>=1,CO14<=31),IF(MONTH(DATE(CM14,CN14,CO14))=CN14,DATE(CM14,CN14,CO14),""),"")))),"") | CJ14: =IFERROR(IF('월 가계부'!C14="","",IF(ISNUMBER('월 가계부'!C14),'월 가계부'!C14,VALUE(SUBSTITUTE(SUBSTITUTE(SUBSTITUTE(SUBSTITUTE(TRIM('월 가계부'!C14),",",""),"원","")," ",""),"−","-")))),"") | CK14: =IF(ISNUMBER(CI14),IF(CI14<$B$13,CI14,""),"") | CM14: =IF(CH14="","",IFERROR(IF(IF(AND(LEN(CH14)=9,ISERROR(FIND("-",LEFT(CH14,8))),ISNUMBER(-LEFT(CH14,8))),VALUE(LEFT(CH14,4)),VALUE(LEFT(CH14,FIND("-",CH14)-1)))<100,IF(AND(LEN(CH14)=9,ISERROR(FIND("-",LEFT(CH14,8))),ISNUMBER(-LEFT(CH14,8))),VALUE(LEFT(CH14,4)),VALUE(LEFT(CH14,FIND("-",CH14)-1)))+2000,IF(AND(LEN(CH14)=9,ISERROR(FIND("-",LEFT(CH14,8))),ISNUMBER(-LEFT(CH14,8))),VALUE(LEFT(CH14,4)),VALUE(LEFT(CH14,FIND("-",CH14)-1)))),"")) | CN14: =IF(CH14="","",IFERROR(IF(AND(LEN(CH14)=9,ISERROR(FIND("-",LEFT(CH14,8))),ISNUMBER(-LEFT(CH14,8))),VALUE(MID(CH14,5,2)),VALUE(MID(CH14,FIND("-",CH14)+1,FIND("-",CH14,FIND("-",CH14)+1)-FIND("-",CH14)-1))),"")) | CO14: =IF(CH14="","",IFERROR(IF(AND(LEN(CH14)=9,ISERROR(FIND("-",LEFT(CH14,8))),ISNUMBER(-LEFT(CH14,8))),VALUE(MID(CH14,7,2)),VALUE(MID(CH14,FIND("-",CH14,FIND("-",CH14)+1)+1,FIND("-",CH14,FIND("-",CH14,FIND("-",CH14)+1)+1)-FIND("-",CH14,FIND("-",CH14)+1)-1))),""))
A15: 마지막 날짜 | B15: =MAX($CI$3:$CI$3002) | CB15: 14 | CC15: =IF($B$1+CB15>90,0,12*MAX(0,$B$6-IF($B$1+CB15>=$B$23,$B$22,0))*(1+$B$4)^CB15/(1+$B$3)^(CB15-1)) | CE15: =IF($B$1+13>90,NA(),$B$1+13) | CF15: =IF(OR($B$21="",$B$1+13>90),NA(),INDEX($C$40:$BU$90,$B$21-$B$1+1,14)) | CH15: =IF(ISTEXT('월 가계부'!A15),SUBSTITUTE(SUBSTITUTE(SUBSTITUTE(SUBSTITUTE(SUBSTITUTE(SUBSTITUTE(SUBSTITUTE(SUBSTITUTE(SUBSTITUTE(TRIM('월 가계부'!A15),"년","-"),"월","-"),"일",""),".","-"),"/","-")," ","-"),"--","-"),"--","-"),"--","-")&"-","") | CI15: =IFERROR(IF('월 가계부'!A15="","",IF(ISNUMBER('월 가계부'!A15),IF(AND('월 가계부'!A15>=19000101,'월 가계부'!A15<=21001231),IF(AND(MOD(INT('월 가계부'!A15/100),100)>=1,MOD(INT('월 가계부'!A15/100),100)<=12,MOD(INT('월 가계부'!A15),100)>=1,MOD(INT('월 가계부'!A15),100)<=31),IF(MONTH(DATE(INT('월 가계부'!A15/10000),MOD(INT('월 가계부'!A15/100),100),MOD(INT('월 가계부'!A15),100)))=MOD(INT('월 가계부'!A15/100),100),DATE(INT('월 가계부'!A15/10000),MOD(INT('월 가계부'!A15/100),100),MOD(INT('월 가계부'!A15),100)),""),""),IF(AND('월 가계부'!A15>=36526,'월 가계부'!A15<73051),INT('월 가계부'!A15),"")),IF(OR(CM15="",CN15="",CO15=""),"",IF(AND(CM15>=2000,CM15<=2099,CN15>=1,CN15<=12,CO15>=1,CO15<=31),IF(MONTH(DATE(CM15,CN15,CO15))=CN15,DATE(CM15,CN15,CO15),""),"")))),"") | CJ15: =IFERROR(IF('월 가계부'!C15="","",IF(ISNUMBER('월 가계부'!C15),'월 가계부'!C15,VALUE(SUBSTITUTE(SUBSTITUTE(SUBSTITUTE(SUBSTITUTE(TRIM('월 가계부'!C15),",",""),"원","")," ",""),"−","-")))),"") | CK15: =IF(ISNUMBER(CI15),IF(CI15<$B$13,CI15,""),"") | CM15: =IF(CH15="","",IFERROR(IF(IF(AND(LEN(CH15)=9,ISERROR(FIND("-",LEFT(CH15,8))),ISNUMBER(-LEFT(CH15,8))),VALUE(LEFT(CH15,4)),VALUE(LEFT(CH15,FIND("-",CH15)-1)))<100,IF(AND(LEN(CH15)=9,ISERROR(FIND("-",LEFT(CH15,8))),ISNUMBER(-LEFT(CH15,8))),VALUE(LEFT(CH15,4)),VALUE(LEFT(CH15,FIND("-",CH15)-1)))+2000,IF(AND(LEN(CH15)=9,ISERROR(FIND("-",LEFT(CH15,8))),ISNUMBER(-LEFT(CH15,8))),VALUE(LEFT(CH15,4)),VALUE(LEFT(CH15,FIND("-",CH15)-1)))),"")) | CN15: =IF(CH15="","",IFERROR(IF(AND(LEN(CH15)=9,ISERROR(FIND("-",LEFT(CH15,8))),ISNUMBER(-LEFT(CH15,8))),VALUE(MID(CH15,5,2)),VALUE(MID(CH15,FIND("-",CH15)+1,FIND("-",CH15,FIND("-",CH15)+1)-FIND("-",CH15)-1))),"")) | CO15: =IF(CH15="","",IFERROR(IF(AND(LEN(CH15)=9,ISERROR(FIND("-",LEFT(CH15,8))),ISNUMBER(-LEFT(CH15,8))),VALUE(MID(CH15,7,2)),VALUE(MID(CH15,FIND("-",CH15,FIND("-",CH15)+1)+1,FIND("-",CH15,FIND("-",CH15,FIND("-",CH15)+1)+1)-FIND("-",CH15,FIND("-",CH15)+1)-1))),""))
A16: 안 끝난 달로 계산 | B16: =AND(B14=0,B15>0) | CB16: 15 | CC16: =IF($B$1+CB16>90,0,12*MAX(0,$B$6-IF($B$1+CB16>=$B$23,$B$22,0))*(1+$B$4)^CB16/(1+$B$3)^(CB16-1)) | CE16: =IF($B$1+14>90,NA(),$B$1+14) | CF16: =IF(OR($B$21="",$B$1+14>90),NA(),INDEX($C$40:$BU$90,$B$21-$B$1+1,15)) | CH16: =IF(ISTEXT('월 가계부'!A16),SUBSTITUTE(SUBSTITUTE(SUBSTITUTE(SUBSTITUTE(SUBSTITUTE(SUBSTITUTE(SUBSTITUTE(SUBSTITUTE(SUBSTITUTE(TRIM('월 가계부'!A16),"년","-"),"월","-"),"일",""),".","-"),"/","-")," ","-"),"--","-"),"--","-"),"--","-")&"-","") | CI16: =IFERROR(IF('월 가계부'!A16="","",IF(ISNUMBER('월 가계부'!A16),IF(AND('월 가계부'!A16>=19000101,'월 가계부'!A16<=21001231),IF(AND(MOD(INT('월 가계부'!A16/100),100)>=1,MOD(INT('월 가계부'!A16/100),100)<=12,MOD(INT('월 가계부'!A16),100)>=1,MOD(INT('월 가계부'!A16),100)<=31),IF(MONTH(DATE(INT('월 가계부'!A16/10000),MOD(INT('월 가계부'!A16/100),100),MOD(INT('월 가계부'!A16),100)))=MOD(INT('월 가계부'!A16/100),100),DATE(INT('월 가계부'!A16/10000),MOD(INT('월 가계부'!A16/100),100),MOD(INT('월 가계부'!A16),100)),""),""),IF(AND('월 가계부'!A16>=36526,'월 가계부'!A16<73051),INT('월 가계부'!A16),"")),IF(OR(CM16="",CN16="",CO16=""),"",IF(AND(CM16>=2000,CM16<=2099,CN16>=1,CN16<=12,CO16>=1,CO16<=31),IF(MONTH(DATE(CM16,CN16,CO16))=CN16,DATE(CM16,CN16,CO16),""),"")))),"") | CJ16: =IFERROR(IF('월 가계부'!C16="","",IF(ISNUMBER('월 가계부'!C16),'월 가계부'!C16,VALUE(SUBSTITUTE(SUBSTITUTE(SUBSTITUTE(SUBSTITUTE(TRIM('월 가계부'!C16),",",""),"원","")," ",""),"−","-")))),"") | CK16: =IF(ISNUMBER(CI16),IF(CI16<$B$13,CI16,""),"") | CM16: =IF(CH16="","",IFERROR(IF(IF(AND(LEN(CH16)=9,ISERROR(FIND("-",LEFT(CH16,8))),ISNUMBER(-LEFT(CH16,8))),VALUE(LEFT(CH16,4)),VALUE(LEFT(CH16,FIND("-",CH16)-1)))<100,IF(AND(LEN(CH16)=9,ISERROR(FIND("-",LEFT(CH16,8))),ISNUMBER(-LEFT(CH16,8))),VALUE(LEFT(CH16,4)),VALUE(LEFT(CH16,FIND("-",CH16)-1)))+2000,IF(AND(LEN(CH16)=9,ISERROR(FIND("-",LEFT(CH16,8))),ISNUMBER(-LEFT(CH16,8))),VALUE(LEFT(CH16,4)),VALUE(LEFT(CH16,FIND("-",CH16)-1)))),"")) | CN16: =IF(CH16="","",IFERROR(IF(AND(LEN(CH16)=9,ISERROR(FIND("-",LEFT(CH16,8))),ISNUMBER(-LEFT(CH16,8))),VALUE(MID(CH16,5,2)),VALUE(MID(CH16,FIND("-",CH16)+1,FIND("-",CH16,FIND("-",CH16)+1)-FIND("-",CH16)-1))),"")) | CO16: =IF(CH16="","",IFERROR(IF(AND(LEN(CH16)=9,ISERROR(FIND("-",LEFT(CH16,8))),ISNUMBER(-LEFT(CH16,8))),VALUE(MID(CH16,7,2)),VALUE(MID(CH16,FIND("-",CH16,FIND("-",CH16)+1)+1,FIND("-",CH16,FIND("-",CH16,FIND("-",CH16)+1)+1)-FIND("-",CH16,FIND("-",CH16)+1)-1))),""))
A17: 이번 달부터 줄 수 | B17: =COUNTIF($CI$3:$CI$3002,">="&B13) | CB17: 16 | CC17: =IF($B$1+CB17>90,0,12*MAX(0,$B$6-IF($B$1+CB17>=$B$23,$B$22,0))*(1+$B$4)^CB17/(1+$B$3)^(CB17-1)) | CE17: =IF($B$1+15>90,NA(),$B$1+15) | CF17: =IF(OR($B$21="",$B$1+15>90),NA(),INDEX($C$40:$BU$90,$B$21-$B$1+1,16)) | CH17: =IF(ISTEXT('월 가계부'!A17),SUBSTITUTE(SUBSTITUTE(SUBSTITUTE(SUBSTITUTE(SUBSTITUTE(SUBSTITUTE(SUBSTITUTE(SUBSTITUTE(SUBSTITUTE(TRIM('월 가계부'!A17),"년","-"),"월","-"),"일",""),".","-"),"/","-")," ","-"),"--","-"),"--","-"),"--","-")&"-","") | CI17: =IFERROR(IF('월 가계부'!A17="","",IF(ISNUMBER('월 가계부'!A17),IF(AND('월 가계부'!A17>=19000101,'월 가계부'!A17<=21001231),IF(AND(MOD(INT('월 가계부'!A17/100),100)>=1,MOD(INT('월 가계부'!A17/100),100)<=12,MOD(INT('월 가계부'!A17),100)>=1,MOD(INT('월 가계부'!A17),100)<=31),IF(MONTH(DATE(INT('월 가계부'!A17/10000),MOD(INT('월 가계부'!A17/100),100),MOD(INT('월 가계부'!A17),100)))=MOD(INT('월 가계부'!A17/100),100),DATE(INT('월 가계부'!A17/10000),MOD(INT('월 가계부'!A17/100),100),MOD(INT('월 가계부'!A17),100)),""),""),IF(AND('월 가계부'!A17>=36526,'월 가계부'!A17<73051),INT('월 가계부'!A17),"")),IF(OR(CM17="",CN17="",CO17=""),"",IF(AND(CM17>=2000,CM17<=2099,CN17>=1,CN17<=12,CO17>=1,CO17<=31),IF(MONTH(DATE(CM17,CN17,CO17))=CN17,DATE(CM17,CN17,CO17),""),"")))),"") | CJ17: =IFERROR(IF('월 가계부'!C17="","",IF(ISNUMBER('월 가계부'!C17),'월 가계부'!C17,VALUE(SUBSTITUTE(SUBSTITUTE(SUBSTITUTE(SUBSTITUTE(TRIM('월 가계부'!C17),",",""),"원","")," ",""),"−","-")))),"") | CK17: =IF(ISNUMBER(CI17),IF(CI17<$B$13,CI17,""),"") | CM17: =IF(CH17="","",IFERROR(IF(IF(AND(LEN(CH17)=9,ISERROR(FIND("-",LEFT(CH17,8))),ISNUMBER(-LEFT(CH17,8))),VALUE(LEFT(CH17,4)),VALUE(LEFT(CH17,FIND("-",CH17)-1)))<100,IF(AND(LEN(CH17)=9,ISERROR(FIND("-",LEFT(CH17,8))),ISNUMBER(-LEFT(CH17,8))),VALUE(LEFT(CH17,4)),VALUE(LEFT(CH17,FIND("-",CH17)-1)))+2000,IF(AND(LEN(CH17)=9,ISERROR(FIND("-",LEFT(CH17,8))),ISNUMBER(-LEFT(CH17,8))),VALUE(LEFT(CH17,4)),VALUE(LEFT(CH17,FIND("-",CH17)-1)))),"")) | CN17: =IF(CH17="","",IFERROR(IF(AND(LEN(CH17)=9,ISERROR(FIND("-",LEFT(CH17,8))),ISNUMBER(-LEFT(CH17,8))),VALUE(MID(CH17,5,2)),VALUE(MID(CH17,FIND("-",CH17)+1,FIND("-",CH17,FIND("-",CH17)+1)-FIND("-",CH17)-1))),"")) | CO17: =IF(CH17="","",IFERROR(IF(AND(LEN(CH17)=9,ISERROR(FIND("-",LEFT(CH17,8))),ISNUMBER(-LEFT(CH17,8))),VALUE(MID(CH17,7,2)),VALUE(MID(CH17,FIND("-",CH17,FIND("-",CH17)+1)+1,FIND("-",CH17,FIND("-",CH17,FIND("-",CH17)+1)+1)-FIND("-",CH17,FIND("-",CH17)+1)-1))),""))
A18: 못 읽은 줄 수 | B18: =COUNTIF('월 가계부'!$E$3:$E$3002,"날짜 확인")+COUNTIF('월 가계부'!$E$3:$E$3002,"금액 확인") | CB18: 17 | CC18: =IF($B$1+CB18>90,0,12*MAX(0,$B$6-IF($B$1+CB18>=$B$23,$B$22,0))*(1+$B$4)^CB18/(1+$B$3)^(CB18-1)) | CE18: =IF($B$1+16>90,NA(),$B$1+16) | CF18: =IF(OR($B$21="",$B$1+16>90),NA(),INDEX($C$40:$BU$90,$B$21-$B$1+1,17)) | CH18: =IF(ISTEXT('월 가계부'!A18),SUBSTITUTE(SUBSTITUTE(SUBSTITUTE(SUBSTITUTE(SUBSTITUTE(SUBSTITUTE(SUBSTITUTE(SUBSTITUTE(SUBSTITUTE(TRIM('월 가계부'!A18),"년","-"),"월","-"),"일",""),".","-"),"/","-")," ","-"),"--","-"),"--","-"),"--","-")&"-","") | CI18: =IFERROR(IF('월 가계부'!A18="","",IF(ISNUMBER('월 가계부'!A18),IF(AND('월 가계부'!A18>=19000101,'월 가계부'!A18<=21001231),IF(AND(MOD(INT('월 가계부'!A18/100),100)>=1,MOD(INT('월 가계부'!A18/100),100)<=12,MOD(INT('월 가계부'!A18),100)>=1,MOD(INT('월 가계부'!A18),100)<=31),IF(MONTH(DATE(INT('월 가계부'!A18/10000),MOD(INT('월 가계부'!A18/100),100),MOD(INT('월 가계부'!A18),100)))=MOD(INT('월 가계부'!A18/100),100),DATE(INT('월 가계부'!A18/10000),MOD(INT('월 가계부'!A18/100),100),MOD(INT('월 가계부'!A18),100)),""),""),IF(AND('월 가계부'!A18>=36526,'월 가계부'!A18<73051),INT('월 가계부'!A18),"")),IF(OR(CM18="",CN18="",CO18=""),"",IF(AND(CM18>=2000,CM18<=2099,CN18>=1,CN18<=12,CO18>=1,CO18<=31),IF(MONTH(DATE(CM18,CN18,CO18))=CN18,DATE(CM18,CN18,CO18),""),"")))),"") | CJ18: =IFERROR(IF('월 가계부'!C18="","",IF(ISNUMBER('월 가계부'!C18),'월 가계부'!C18,VALUE(SUBSTITUTE(SUBSTITUTE(SUBSTITUTE(SUBSTITUTE(TRIM('월 가계부'!C18),",",""),"원","")," ",""),"−","-")))),"") | CK18: =IF(ISNUMBER(CI18),IF(CI18<$B$13,CI18,""),"") | CM18: =IF(CH18="","",IFERROR(IF(IF(AND(LEN(CH18)=9,ISERROR(FIND("-",LEFT(CH18,8))),ISNUMBER(-LEFT(CH18,8))),VALUE(LEFT(CH18,4)),VALUE(LEFT(CH18,FIND("-",CH18)-1)))<100,IF(AND(LEN(CH18)=9,ISERROR(FIND("-",LEFT(CH18,8))),ISNUMBER(-LEFT(CH18,8))),VALUE(LEFT(CH18,4)),VALUE(LEFT(CH18,FIND("-",CH18)-1)))+2000,IF(AND(LEN(CH18)=9,ISERROR(FIND("-",LEFT(CH18,8))),ISNUMBER(-LEFT(CH18,8))),VALUE(LEFT(CH18,4)),VALUE(LEFT(CH18,FIND("-",CH18)-1)))),"")) | CN18: =IF(CH18="","",IFERROR(IF(AND(LEN(CH18)=9,ISERROR(FIND("-",LEFT(CH18,8))),ISNUMBER(-LEFT(CH18,8))),VALUE(MID(CH18,5,2)),VALUE(MID(CH18,FIND("-",CH18)+1,FIND("-",CH18,FIND("-",CH18)+1)-FIND("-",CH18)-1))),"")) | CO18: =IF(CH18="","",IFERROR(IF(AND(LEN(CH18)=9,ISERROR(FIND("-",LEFT(CH18,8))),ISNUMBER(-LEFT(CH18,8))),VALUE(MID(CH18,7,2)),VALUE(MID(CH18,FIND("-",CH18,FIND("-",CH18)+1)+1,FIND("-",CH18,FIND("-",CH18,FIND("-",CH18)+1)+1)-FIND("-",CH18,FIND("-",CH18)+1)-1))),""))
A19: 3,000줄 밖 줄 수 | B19: =SUMPRODUCT(--((('월 가계부'!$A$3003:$A$13002<>"")+('월 가계부'!$C$3003:$C$13002<>""))>0)) | CB19: 18 | CC19: =IF($B$1+CB19>90,0,12*MAX(0,$B$6-IF($B$1+CB19>=$B$23,$B$22,0))*(1+$B$4)^CB19/(1+$B$3)^(CB19-1)) | CE19: =IF($B$1+17>90,NA(),$B$1+17) | CF19: =IF(OR($B$21="",$B$1+17>90),NA(),INDEX($C$40:$BU$90,$B$21-$B$1+1,18)) | CH19: =IF(ISTEXT('월 가계부'!A19),SUBSTITUTE(SUBSTITUTE(SUBSTITUTE(SUBSTITUTE(SUBSTITUTE(SUBSTITUTE(SUBSTITUTE(SUBSTITUTE(SUBSTITUTE(TRIM('월 가계부'!A19),"년","-"),"월","-"),"일",""),".","-"),"/","-")," ","-"),"--","-"),"--","-"),"--","-")&"-","") | CI19: =IFERROR(IF('월 가계부'!A19="","",IF(ISNUMBER('월 가계부'!A19),IF(AND('월 가계부'!A19>=19000101,'월 가계부'!A19<=21001231),IF(AND(MOD(INT('월 가계부'!A19/100),100)>=1,MOD(INT('월 가계부'!A19/100),100)<=12,MOD(INT('월 가계부'!A19),100)>=1,MOD(INT('월 가계부'!A19),100)<=31),IF(MONTH(DATE(INT('월 가계부'!A19/10000),MOD(INT('월 가계부'!A19/100),100),MOD(INT('월 가계부'!A19),100)))=MOD(INT('월 가계부'!A19/100),100),DATE(INT('월 가계부'!A19/10000),MOD(INT('월 가계부'!A19/100),100),MOD(INT('월 가계부'!A19),100)),""),""),IF(AND('월 가계부'!A19>=36526,'월 가계부'!A19<73051),INT('월 가계부'!A19),"")),IF(OR(CM19="",CN19="",CO19=""),"",IF(AND(CM19>=2000,CM19<=2099,CN19>=1,CN19<=12,CO19>=1,CO19<=31),IF(MONTH(DATE(CM19,CN19,CO19))=CN19,DATE(CM19,CN19,CO19),""),"")))),"") | CJ19: =IFERROR(IF('월 가계부'!C19="","",IF(ISNUMBER('월 가계부'!C19),'월 가계부'!C19,VALUE(SUBSTITUTE(SUBSTITUTE(SUBSTITUTE(SUBSTITUTE(TRIM('월 가계부'!C19),",",""),"원","")," ",""),"−","-")))),"") | CK19: =IF(ISNUMBER(CI19),IF(CI19<$B$13,CI19,""),"") | CM19: =IF(CH19="","",IFERROR(IF(IF(AND(LEN(CH19)=9,ISERROR(FIND("-",LEFT(CH19,8))),ISNUMBER(-LEFT(CH19,8))),VALUE(LEFT(CH19,4)),VALUE(LEFT(CH19,FIND("-",CH19)-1)))<100,IF(AND(LEN(CH19)=9,ISERROR(FIND("-",LEFT(CH19,8))),ISNUMBER(-LEFT(CH19,8))),VALUE(LEFT(CH19,4)),VALUE(LEFT(CH19,FIND("-",CH19)-1)))+2000,IF(AND(LEN(CH19)=9,ISERROR(FIND("-",LEFT(CH19,8))),ISNUMBER(-LEFT(CH19,8))),VALUE(LEFT(CH19,4)),VALUE(LEFT(CH19,FIND("-",CH19)-1)))),"")) | CN19: =IF(CH19="","",IFERROR(IF(AND(LEN(CH19)=9,ISERROR(FIND("-",LEFT(CH19,8))),ISNUMBER(-LEFT(CH19,8))),VALUE(MID(CH19,5,2)),VALUE(MID(CH19,FIND("-",CH19)+1,FIND("-",CH19,FIND("-",CH19)+1)-FIND("-",CH19)-1))),"")) | CO19: =IF(CH19="","",IFERROR(IF(AND(LEN(CH19)=9,ISERROR(FIND("-",LEFT(CH19,8))),ISNUMBER(-LEFT(CH19,8))),VALUE(MID(CH19,7,2)),VALUE(MID(CH19,FIND("-",CH19,FIND("-",CH19)+1)+1,FIND("-",CH19,FIND("-",CH19,FIND("-",CH19)+1)+1)-FIND("-",CH19,FIND("-",CH19)+1)-1))),""))
A20: +N일 기울기(일/원) | B20: =IF(OR(C37="",C93=""),"",(C93-C37)*365/$B$10) | CB20: 19 | CC20: =IF($B$1+CB20>90,0,12*MAX(0,$B$6-IF($B$1+CB20>=$B$23,$B$22,0))*(1+$B$4)^CB20/(1+$B$3)^(CB20-1)) | CE20: =IF($B$1+18>90,NA(),$B$1+18) | CF20: =IF(OR($B$21="",$B$1+18>90),NA(),INDEX($C$40:$BU$90,$B$21-$B$1+1,19)) | CH20: =IF(ISTEXT('월 가계부'!A20),SUBSTITUTE(SUBSTITUTE(SUBSTITUTE(SUBSTITUTE(SUBSTITUTE(SUBSTITUTE(SUBSTITUTE(SUBSTITUTE(SUBSTITUTE(TRIM('월 가계부'!A20),"년","-"),"월","-"),"일",""),".","-"),"/","-")," ","-"),"--","-"),"--","-"),"--","-")&"-","") | CI20: =IFERROR(IF('월 가계부'!A20="","",IF(ISNUMBER('월 가계부'!A20),IF(AND('월 가계부'!A20>=19000101,'월 가계부'!A20<=21001231),IF(AND(MOD(INT('월 가계부'!A20/100),100)>=1,MOD(INT('월 가계부'!A20/100),100)<=12,MOD(INT('월 가계부'!A20),100)>=1,MOD(INT('월 가계부'!A20),100)<=31),IF(MONTH(DATE(INT('월 가계부'!A20/10000),MOD(INT('월 가계부'!A20/100),100),MOD(INT('월 가계부'!A20),100)))=MOD(INT('월 가계부'!A20/100),100),DATE(INT('월 가계부'!A20/10000),MOD(INT('월 가계부'!A20/100),100),MOD(INT('월 가계부'!A20),100)),""),""),IF(AND('월 가계부'!A20>=36526,'월 가계부'!A20<73051),INT('월 가계부'!A20),"")),IF(OR(CM20="",CN20="",CO20=""),"",IF(AND(CM20>=2000,CM20<=2099,CN20>=1,CN20<=12,CO20>=1,CO20<=31),IF(MONTH(DATE(CM20,CN20,CO20))=CN20,DATE(CM20,CN20,CO20),""),"")))),"") | CJ20: =IFERROR(IF('월 가계부'!C20="","",IF(ISNUMBER('월 가계부'!C20),'월 가계부'!C20,VALUE(SUBSTITUTE(SUBSTITUTE(SUBSTITUTE(SUBSTITUTE(TRIM('월 가계부'!C20),",",""),"원","")," ",""),"−","-")))),"") | CK20: =IF(ISNUMBER(CI20),IF(CI20<$B$13,CI20,""),"") | CM20: =IF(CH20="","",IFERROR(IF(IF(AND(LEN(CH20)=9,ISERROR(FIND("-",LEFT(CH20,8))),ISNUMBER(-LEFT(CH20,8))),VALUE(LEFT(CH20,4)),VALUE(LEFT(CH20,FIND("-",CH20)-1)))<100,IF(AND(LEN(CH20)=9,ISERROR(FIND("-",LEFT(CH20,8))),ISNUMBER(-LEFT(CH20,8))),VALUE(LEFT(CH20,4)),VALUE(LEFT(CH20,FIND("-",CH20)-1)))+2000,IF(AND(LEN(CH20)=9,ISERROR(FIND("-",LEFT(CH20,8))),ISNUMBER(-LEFT(CH20,8))),VALUE(LEFT(CH20,4)),VALUE(LEFT(CH20,FIND("-",CH20)-1)))),"")) | CN20: =IF(CH20="","",IFERROR(IF(AND(LEN(CH20)=9,ISERROR(FIND("-",LEFT(CH20,8))),ISNUMBER(-LEFT(CH20,8))),VALUE(MID(CH20,5,2)),VALUE(MID(CH20,FIND("-",CH20)+1,FIND("-",CH20,FIND("-",CH20)+1)-FIND("-",CH20)-1))),"")) | CO20: =IF(CH20="","",IFERROR(IF(AND(LEN(CH20)=9,ISERROR(FIND("-",LEFT(CH20,8))),ISNUMBER(-LEFT(CH20,8))),VALUE(MID(CH20,7,2)),VALUE(MID(CH20,FIND("-",CH20,FIND("-",CH20)+1)+1,FIND("-",CH20,FIND("-",CH20,FIND("-",CH20)+1)+1)-FIND("-",CH20,FIND("-",CH20)+1)-1))),""))
A21: 웹과 같은 해 단위 나이 | B21: =IF(B37=999,"",B37) | CB21: 20 | CC21: =IF($B$1+CB21>90,0,12*MAX(0,$B$6-IF($B$1+CB21>=$B$23,$B$22,0))*(1+$B$4)^CB21/(1+$B$3)^(CB21-1)) | CE21: =IF($B$1+19>90,NA(),$B$1+19) | CF21: =IF(OR($B$21="",$B$1+19>90),NA(),INDEX($C$40:$BU$90,$B$21-$B$1+1,20)) | CH21: =IF(ISTEXT('월 가계부'!A21),SUBSTITUTE(SUBSTITUTE(SUBSTITUTE(SUBSTITUTE(SUBSTITUTE(SUBSTITUTE(SUBSTITUTE(SUBSTITUTE(SUBSTITUTE(TRIM('월 가계부'!A21),"년","-"),"월","-"),"일",""),".","-"),"/","-")," ","-"),"--","-"),"--","-"),"--","-")&"-","") | CI21: =IFERROR(IF('월 가계부'!A21="","",IF(ISNUMBER('월 가계부'!A21),IF(AND('월 가계부'!A21>=19000101,'월 가계부'!A21<=21001231),IF(AND(MOD(INT('월 가계부'!A21/100),100)>=1,MOD(INT('월 가계부'!A21/100),100)<=12,MOD(INT('월 가계부'!A21),100)>=1,MOD(INT('월 가계부'!A21),100)<=31),IF(MONTH(DATE(INT('월 가계부'!A21/10000),MOD(INT('월 가계부'!A21/100),100),MOD(INT('월 가계부'!A21),100)))=MOD(INT('월 가계부'!A21/100),100),DATE(INT('월 가계부'!A21/10000),MOD(INT('월 가계부'!A21/100),100),MOD(INT('월 가계부'!A21),100)),""),""),IF(AND('월 가계부'!A21>=36526,'월 가계부'!A21<73051),INT('월 가계부'!A21),"")),IF(OR(CM21="",CN21="",CO21=""),"",IF(AND(CM21>=2000,CM21<=2099,CN21>=1,CN21<=12,CO21>=1,CO21<=31),IF(MONTH(DATE(CM21,CN21,CO21))=CN21,DATE(CM21,CN21,CO21),""),"")))),"") | CJ21: =IFERROR(IF('월 가계부'!C21="","",IF(ISNUMBER('월 가계부'!C21),'월 가계부'!C21,VALUE(SUBSTITUTE(SUBSTITUTE(SUBSTITUTE(SUBSTITUTE(TRIM('월 가계부'!C21),",",""),"원","")," ",""),"−","-")))),"") | CK21: =IF(ISNUMBER(CI21),IF(CI21<$B$13,CI21,""),"") | CM21: =IF(CH21="","",IFERROR(IF(IF(AND(LEN(CH21)=9,ISERROR(FIND("-",LEFT(CH21,8))),ISNUMBER(-LEFT(CH21,8))),VALUE(LEFT(CH21,4)),VALUE(LEFT(CH21,FIND("-",CH21)-1)))<100,IF(AND(LEN(CH21)=9,ISERROR(FIND("-",LEFT(CH21,8))),ISNUMBER(-LEFT(CH21,8))),VALUE(LEFT(CH21,4)),VALUE(LEFT(CH21,FIND("-",CH21)-1)))+2000,IF(AND(LEN(CH21)=9,ISERROR(FIND("-",LEFT(CH21,8))),ISNUMBER(-LEFT(CH21,8))),VALUE(LEFT(CH21,4)),VALUE(LEFT(CH21,FIND("-",CH21)-1)))),"")) | CN21: =IF(CH21="","",IFERROR(IF(AND(LEN(CH21)=9,ISERROR(FIND("-",LEFT(CH21,8))),ISNUMBER(-LEFT(CH21,8))),VALUE(MID(CH21,5,2)),VALUE(MID(CH21,FIND("-",CH21)+1,FIND("-",CH21,FIND("-",CH21)+1)-FIND("-",CH21)-1))),"")) | CO21: =IF(CH21="","",IFERROR(IF(AND(LEN(CH21)=9,ISERROR(FIND("-",LEFT(CH21,8))),ISNUMBER(-LEFT(CH21,8))),VALUE(MID(CH21,7,2)),VALUE(MID(CH21,FIND("-",CH21,FIND("-",CH21)+1)+1,FIND("-",CH21,FIND("-",CH21,FIND("-",CH21)+1)+1)-FIND("-",CH21,FIND("-",CH21)+1)-1))),""))
A22: 국민연금 월 | B22: =N('은퇴 나이'!D16) | CB22: 21 | CC22: =IF($B$1+CB22>90,0,12*MAX(0,$B$6-IF($B$1+CB22>=$B$23,$B$22,0))*(1+$B$4)^CB22/(1+$B$3)^(CB22-1)) | CE22: =IF($B$1+20>90,NA(),$B$1+20) | CF22: =IF(OR($B$21="",$B$1+20>90),NA(),INDEX($C$40:$BU$90,$B$21-$B$1+1,21)) | CH22: =IF(ISTEXT('월 가계부'!A22),SUBSTITUTE(SUBSTITUTE(SUBSTITUTE(SUBSTITUTE(SUBSTITUTE(SUBSTITUTE(SUBSTITUTE(SUBSTITUTE(SUBSTITUTE(TRIM('월 가계부'!A22),"년","-"),"월","-"),"일",""),".","-"),"/","-")," ","-"),"--","-"),"--","-"),"--","-")&"-","") | CI22: =IFERROR(IF('월 가계부'!A22="","",IF(ISNUMBER('월 가계부'!A22),IF(AND('월 가계부'!A22>=19000101,'월 가계부'!A22<=21001231),IF(AND(MOD(INT('월 가계부'!A22/100),100)>=1,MOD(INT('월 가계부'!A22/100),100)<=12,MOD(INT('월 가계부'!A22),100)>=1,MOD(INT('월 가계부'!A22),100)<=31),IF(MONTH(DATE(INT('월 가계부'!A22/10000),MOD(INT('월 가계부'!A22/100),100),MOD(INT('월 가계부'!A22),100)))=MOD(INT('월 가계부'!A22/100),100),DATE(INT('월 가계부'!A22/10000),MOD(INT('월 가계부'!A22/100),100),MOD(INT('월 가계부'!A22),100)),""),""),IF(AND('월 가계부'!A22>=36526,'월 가계부'!A22<73051),INT('월 가계부'!A22),"")),IF(OR(CM22="",CN22="",CO22=""),"",IF(AND(CM22>=2000,CM22<=2099,CN22>=1,CN22<=12,CO22>=1,CO22<=31),IF(MONTH(DATE(CM22,CN22,CO22))=CN22,DATE(CM22,CN22,CO22),""),"")))),"") | CJ22: =IFERROR(IF('월 가계부'!C22="","",IF(ISNUMBER('월 가계부'!C22),'월 가계부'!C22,VALUE(SUBSTITUTE(SUBSTITUTE(SUBSTITUTE(SUBSTITUTE(TRIM('월 가계부'!C22),",",""),"원","")," ",""),"−","-")))),"") | CK22: =IF(ISNUMBER(CI22),IF(CI22<$B$13,CI22,""),"") | CM22: =IF(CH22="","",IFERROR(IF(IF(AND(LEN(CH22)=9,ISERROR(FIND("-",LEFT(CH22,8))),ISNUMBER(-LEFT(CH22,8))),VALUE(LEFT(CH22,4)),VALUE(LEFT(CH22,FIND("-",CH22)-1)))<100,IF(AND(LEN(CH22)=9,ISERROR(FIND("-",LEFT(CH22,8))),ISNUMBER(-LEFT(CH22,8))),VALUE(LEFT(CH22,4)),VALUE(LEFT(CH22,FIND("-",CH22)-1)))+2000,IF(AND(LEN(CH22)=9,ISERROR(FIND("-",LEFT(CH22,8))),ISNUMBER(-LEFT(CH22,8))),VALUE(LEFT(CH22,4)),VALUE(LEFT(CH22,FIND("-",CH22)-1)))),"")) | CN22: =IF(CH22="","",IFERROR(IF(AND(LEN(CH22)=9,ISERROR(FIND("-",LEFT(CH22,8))),ISNUMBER(-LEFT(CH22,8))),VALUE(MID(CH22,5,2)),VALUE(MID(CH22,FIND("-",CH22)+1,FIND("-",CH22,FIND("-",CH22)+1)-FIND("-",CH22)-1))),"")) | CO22: =IF(CH22="","",IFERROR(IF(AND(LEN(CH22)=9,ISERROR(FIND("-",LEFT(CH22,8))),ISNUMBER(-LEFT(CH22,8))),VALUE(MID(CH22,7,2)),VALUE(MID(CH22,FIND("-",CH22,FIND("-",CH22)+1)+1,FIND("-",CH22,FIND("-",CH22,FIND("-",CH22)+1)+1)-FIND("-",CH22,FIND("-",CH22)+1)-1))),""))
A23: 연금 개시 나이 | B23: =IF(YEAR(TODAY())-B1<=1952,60,IF(YEAR(TODAY())-B1<=1956,61,IF(YEAR(TODAY())-B1<=1960,62,IF(YEAR(TODAY())-B1<=1964,63,IF(YEAR(TODAY())-B1<=1968,64,65))))) | CB23: 22 | CC23: =IF($B$1+CB23>90,0,12*MAX(0,$B$6-IF($B$1+CB23>=$B$23,$B$22,0))*(1+$B$4)^CB23/(1+$B$3)^(CB23-1)) | CE23: =IF($B$1+21>90,NA(),$B$1+21) | CF23: =IF(OR($B$21="",$B$1+21>90),NA(),INDEX($C$40:$BU$90,$B$21-$B$1+1,22)) | CH23: =IF(ISTEXT('월 가계부'!A23),SUBSTITUTE(SUBSTITUTE(SUBSTITUTE(SUBSTITUTE(SUBSTITUTE(SUBSTITUTE(SUBSTITUTE(SUBSTITUTE(SUBSTITUTE(TRIM('월 가계부'!A23),"년","-"),"월","-"),"일",""),".","-"),"/","-")," ","-"),"--","-"),"--","-"),"--","-")&"-","") | CI23: =IFERROR(IF('월 가계부'!A23="","",IF(ISNUMBER('월 가계부'!A23),IF(AND('월 가계부'!A23>=19000101,'월 가계부'!A23<=21001231),IF(AND(MOD(INT('월 가계부'!A23/100),100)>=1,MOD(INT('월 가계부'!A23/100),100)<=12,MOD(INT('월 가계부'!A23),100)>=1,MOD(INT('월 가계부'!A23),100)<=31),IF(MONTH(DATE(INT('월 가계부'!A23/10000),MOD(INT('월 가계부'!A23/100),100),MOD(INT('월 가계부'!A23),100)))=MOD(INT('월 가계부'!A23/100),100),DATE(INT('월 가계부'!A23/10000),MOD(INT('월 가계부'!A23/100),100),MOD(INT('월 가계부'!A23),100)),""),""),IF(AND('월 가계부'!A23>=36526,'월 가계부'!A23<73051),INT('월 가계부'!A23),"")),IF(OR(CM23="",CN23="",CO23=""),"",IF(AND(CM23>=2000,CM23<=2099,CN23>=1,CN23<=12,CO23>=1,CO23<=31),IF(MONTH(DATE(CM23,CN23,CO23))=CN23,DATE(CM23,CN23,CO23),""),"")))),"") | CJ23: =IFERROR(IF('월 가계부'!C23="","",IF(ISNUMBER('월 가계부'!C23),'월 가계부'!C23,VALUE(SUBSTITUTE(SUBSTITUTE(SUBSTITUTE(SUBSTITUTE(TRIM('월 가계부'!C23),",",""),"원","")," ",""),"−","-")))),"") | CK23: =IF(ISNUMBER(CI23),IF(CI23<$B$13,CI23,""),"") | CM23: =IF(CH23="","",IFERROR(IF(IF(AND(LEN(CH23)=9,ISERROR(FIND("-",LEFT(CH23,8))),ISNUMBER(-LEFT(CH23,8))),VALUE(LEFT(CH23,4)),VALUE(LEFT(CH23,FIND("-",CH23)-1)))<100,IF(AND(LEN(CH23)=9,ISERROR(FIND("-",LEFT(CH23,8))),ISNUMBER(-LEFT(CH23,8))),VALUE(LEFT(CH23,4)),VALUE(LEFT(CH23,FIND("-",CH23)-1)))+2000,IF(AND(LEN(CH23)=9,ISERROR(FIND("-",LEFT(CH23,8))),ISNUMBER(-LEFT(CH23,8))),VALUE(LEFT(CH23,4)),VALUE(LEFT(CH23,FIND("-",CH23)-1)))),"")) | CN23: =IF(CH23="","",IFERROR(IF(AND(LEN(CH23)=9,ISERROR(FIND("-",LEFT(CH23,8))),ISNUMBER(-LEFT(CH23,8))),VALUE(MID(CH23,5,2)),VALUE(MID(CH23,FIND("-",CH23)+1,FIND("-",CH23,FIND("-",CH23)+1)-FIND("-",CH23)-1))),"")) | CO23: =IF(CH23="","",IFERROR(IF(AND(LEN(CH23)=9,ISERROR(FIND("-",LEFT(CH23,8))),ISNUMBER(-LEFT(CH23,8))),VALUE(MID(CH23,7,2)),VALUE(MID(CH23,FIND("-",CH23,FIND("-",CH23)+1)+1,FIND("-",CH23,FIND("-",CH23,FIND("-",CH23)+1)+1)-FIND("-",CH23,FIND("-",CH23)+1)-1))),""))
CB24: 23 | CC24: =IF($B$1+CB24>90,0,12*MAX(0,$B$6-IF($B$1+CB24>=$B$23,$B$22,0))*(1+$B$4)^CB24/(1+$B$3)^(CB24-1)) | CE24: =IF($B$1+22>90,NA(),$B$1+22) | CF24: =IF(OR($B$21="",$B$1+22>90),NA(),INDEX($C$40:$BU$90,$B$21-$B$1+1,23)) | CH24: =IF(ISTEXT('월 가계부'!A24),SUBSTITUTE(SUBSTITUTE(SUBSTITUTE(SUBSTITUTE(SUBSTITUTE(SUBSTITUTE(SUBSTITUTE(SUBSTITUTE(SUBSTITUTE(TRIM('월 가계부'!A24),"년","-"),"월","-"),"일",""),".","-"),"/","-")," ","-"),"--","-"),"--","-"),"--","-")&"-","") | CI24: =IFERROR(IF('월 가계부'!A24="","",IF(ISNUMBER('월 가계부'!A24),IF(AND('월 가계부'!A24>=19000101,'월 가계부'!A24<=21001231),IF(AND(MOD(INT('월 가계부'!A24/100),100)>=1,MOD(INT('월 가계부'!A24/100),100)<=12,MOD(INT('월 가계부'!A24),100)>=1,MOD(INT('월 가계부'!A24),100)<=31),IF(MONTH(DATE(INT('월 가계부'!A24/10000),MOD(INT('월 가계부'!A24/100),100),MOD(INT('월 가계부'!A24),100)))=MOD(INT('월 가계부'!A24/100),100),DATE(INT('월 가계부'!A24/10000),MOD(INT('월 가계부'!A24/100),100),MOD(INT('월 가계부'!A24),100)),""),""),IF(AND('월 가계부'!A24>=36526,'월 가계부'!A24<73051),INT('월 가계부'!A24),"")),IF(OR(CM24="",CN24="",CO24=""),"",IF(AND(CM24>=2000,CM24<=2099,CN24>=1,CN24<=12,CO24>=1,CO24<=31),IF(MONTH(DATE(CM24,CN24,CO24))=CN24,DATE(CM24,CN24,CO24),""),"")))),"") | CJ24: =IFERROR(IF('월 가계부'!C24="","",IF(ISNUMBER('월 가계부'!C24),'월 가계부'!C24,VALUE(SUBSTITUTE(SUBSTITUTE(SUBSTITUTE(SUBSTITUTE(TRIM('월 가계부'!C24),",",""),"원","")," ",""),"−","-")))),"") | CK24: =IF(ISNUMBER(CI24),IF(CI24<$B$13,CI24,""),"") | CM24: =IF(CH24="","",IFERROR(IF(IF(AND(LEN(CH24)=9,ISERROR(FIND("-",LEFT(CH24,8))),ISNUMBER(-LEFT(CH24,8))),VALUE(LEFT(CH24,4)),VALUE(LEFT(CH24,FIND("-",CH24)-1)))<100,IF(AND(LEN(CH24)=9,ISERROR(FIND("-",LEFT(CH24,8))),ISNUMBER(-LEFT(CH24,8))),VALUE(LEFT(CH24,4)),VALUE(LEFT(CH24,FIND("-",CH24)-1)))+2000,IF(AND(LEN(CH24)=9,ISERROR(FIND("-",LEFT(CH24,8))),ISNUMBER(-LEFT(CH24,8))),VALUE(LEFT(CH24,4)),VALUE(LEFT(CH24,FIND("-",CH24)-1)))),"")) | CN24: =IF(CH24="","",IFERROR(IF(AND(LEN(CH24)=9,ISERROR(FIND("-",LEFT(CH24,8))),ISNUMBER(-LEFT(CH24,8))),VALUE(MID(CH24,5,2)),VALUE(MID(CH24,FIND("-",CH24)+1,FIND("-",CH24,FIND("-",CH24)+1)-FIND("-",CH24)-1))),"")) | CO24: =IF(CH24="","",IFERROR(IF(AND(LEN(CH24)=9,ISERROR(FIND("-",LEFT(CH24,8))),ISNUMBER(-LEFT(CH24,8))),VALUE(MID(CH24,7,2)),VALUE(MID(CH24,FIND("-",CH24,FIND("-",CH24)+1)+1,FIND("-",CH24,FIND("-",CH24,FIND("-",CH24)+1)+1)-FIND("-",CH24,FIND("-",CH24)+1)-1))),""))
CB25: 24 | CC25: =IF($B$1+CB25>90,0,12*MAX(0,$B$6-IF($B$1+CB25>=$B$23,$B$22,0))*(1+$B$4)^CB25/(1+$B$3)^(CB25-1)) | CE25: =IF($B$1+23>90,NA(),$B$1+23) | CF25: =IF(OR($B$21="",$B$1+23>90),NA(),INDEX($C$40:$BU$90,$B$21-$B$1+1,24)) | CH25: =IF(ISTEXT('월 가계부'!A25),SUBSTITUTE(SUBSTITUTE(SUBSTITUTE(SUBSTITUTE(SUBSTITUTE(SUBSTITUTE(SUBSTITUTE(SUBSTITUTE(SUBSTITUTE(TRIM('월 가계부'!A25),"년","-"),"월","-"),"일",""),".","-"),"/","-")," ","-"),"--","-"),"--","-"),"--","-")&"-","") | CI25: =IFERROR(IF('월 가계부'!A25="","",IF(ISNUMBER('월 가계부'!A25),IF(AND('월 가계부'!A25>=19000101,'월 가계부'!A25<=21001231),IF(AND(MOD(INT('월 가계부'!A25/100),100)>=1,MOD(INT('월 가계부'!A25/100),100)<=12,MOD(INT('월 가계부'!A25),100)>=1,MOD(INT('월 가계부'!A25),100)<=31),IF(MONTH(DATE(INT('월 가계부'!A25/10000),MOD(INT('월 가계부'!A25/100),100),MOD(INT('월 가계부'!A25),100)))=MOD(INT('월 가계부'!A25/100),100),DATE(INT('월 가계부'!A25/10000),MOD(INT('월 가계부'!A25/100),100),MOD(INT('월 가계부'!A25),100)),""),""),IF(AND('월 가계부'!A25>=36526,'월 가계부'!A25<73051),INT('월 가계부'!A25),"")),IF(OR(CM25="",CN25="",CO25=""),"",IF(AND(CM25>=2000,CM25<=2099,CN25>=1,CN25<=12,CO25>=1,CO25<=31),IF(MONTH(DATE(CM25,CN25,CO25))=CN25,DATE(CM25,CN25,CO25),""),"")))),"") | CJ25: =IFERROR(IF('월 가계부'!C25="","",IF(ISNUMBER('월 가계부'!C25),'월 가계부'!C25,VALUE(SUBSTITUTE(SUBSTITUTE(SUBSTITUTE(SUBSTITUTE(TRIM('월 가계부'!C25),",",""),"원","")," ",""),"−","-")))),"") | CK25: =IF(ISNUMBER(CI25),IF(CI25<$B$13,CI25,""),"") | CM25: =IF(CH25="","",IFERROR(IF(IF(AND(LEN(CH25)=9,ISERROR(FIND("-",LEFT(CH25,8))),ISNUMBER(-LEFT(CH25,8))),VALUE(LEFT(CH25,4)),VALUE(LEFT(CH25,FIND("-",CH25)-1)))<100,IF(AND(LEN(CH25)=9,ISERROR(FIND("-",LEFT(CH25,8))),ISNUMBER(-LEFT(CH25,8))),VALUE(LEFT(CH25,4)),VALUE(LEFT(CH25,FIND("-",CH25)-1)))+2000,IF(AND(LEN(CH25)=9,ISERROR(FIND("-",LEFT(CH25,8))),ISNUMBER(-LEFT(CH25,8))),VALUE(LEFT(CH25,4)),VALUE(LEFT(CH25,FIND("-",CH25)-1)))),"")) | CN25: =IF(CH25="","",IFERROR(IF(AND(LEN(CH25)=9,ISERROR(FIND("-",LEFT(CH25,8))),ISNUMBER(-LEFT(CH25,8))),VALUE(MID(CH25,5,2)),VALUE(MID(CH25,FIND("-",CH25)+1,FIND("-",CH25,FIND("-",CH25)+1)-FIND("-",CH25)-1))),"")) | CO25: =IF(CH25="","",IFERROR(IF(AND(LEN(CH25)=9,ISERROR(FIND("-",LEFT(CH25,8))),ISNUMBER(-LEFT(CH25,8))),VALUE(MID(CH25,7,2)),VALUE(MID(CH25,FIND("-",CH25,FIND("-",CH25)+1)+1,FIND("-",CH25,FIND("-",CH25,FIND("-",CH25)+1)+1)-FIND("-",CH25,FIND("-",CH25)+1)-1))),""))
CB26: 25 | CC26: =IF($B$1+CB26>90,0,12*MAX(0,$B$6-IF($B$1+CB26>=$B$23,$B$22,0))*(1+$B$4)^CB26/(1+$B$3)^(CB26-1)) | CE26: =IF($B$1+24>90,NA(),$B$1+24) | CF26: =IF(OR($B$21="",$B$1+24>90),NA(),INDEX($C$40:$BU$90,$B$21-$B$1+1,25)) | CH26: =IF(ISTEXT('월 가계부'!A26),SUBSTITUTE(SUBSTITUTE(SUBSTITUTE(SUBSTITUTE(SUBSTITUTE(SUBSTITUTE(SUBSTITUTE(SUBSTITUTE(SUBSTITUTE(TRIM('월 가계부'!A26),"년","-"),"월","-"),"일",""),".","-"),"/","-")," ","-"),"--","-"),"--","-"),"--","-")&"-","") | CI26: =IFERROR(IF('월 가계부'!A26="","",IF(ISNUMBER('월 가계부'!A26),IF(AND('월 가계부'!A26>=19000101,'월 가계부'!A26<=21001231),IF(AND(MOD(INT('월 가계부'!A26/100),100)>=1,MOD(INT('월 가계부'!A26/100),100)<=12,MOD(INT('월 가계부'!A26),100)>=1,MOD(INT('월 가계부'!A26),100)<=31),IF(MONTH(DATE(INT('월 가계부'!A26/10000),MOD(INT('월 가계부'!A26/100),100),MOD(INT('월 가계부'!A26),100)))=MOD(INT('월 가계부'!A26/100),100),DATE(INT('월 가계부'!A26/10000),MOD(INT('월 가계부'!A26/100),100),MOD(INT('월 가계부'!A26),100)),""),""),IF(AND('월 가계부'!A26>=36526,'월 가계부'!A26<73051),INT('월 가계부'!A26),"")),IF(OR(CM26="",CN26="",CO26=""),"",IF(AND(CM26>=2000,CM26<=2099,CN26>=1,CN26<=12,CO26>=1,CO26<=31),IF(MONTH(DATE(CM26,CN26,CO26))=CN26,DATE(CM26,CN26,CO26),""),"")))),"") | CJ26: =IFERROR(IF('월 가계부'!C26="","",IF(ISNUMBER('월 가계부'!C26),'월 가계부'!C26,VALUE(SUBSTITUTE(SUBSTITUTE(SUBSTITUTE(SUBSTITUTE(TRIM('월 가계부'!C26),",",""),"원","")," ",""),"−","-")))),"") | CK26: =IF(ISNUMBER(CI26),IF(CI26<$B$13,CI26,""),"") | CM26: =IF(CH26="","",IFERROR(IF(IF(AND(LEN(CH26)=9,ISERROR(FIND("-",LEFT(CH26,8))),ISNUMBER(-LEFT(CH26,8))),VALUE(LEFT(CH26,4)),VALUE(LEFT(CH26,FIND("-",CH26)-1)))<100,IF(AND(LEN(CH26)=9,ISERROR(FIND("-",LEFT(CH26,8))),ISNUMBER(-LEFT(CH26,8))),VALUE(LEFT(CH26,4)),VALUE(LEFT(CH26,FIND("-",CH26)-1)))+2000,IF(AND(LEN(CH26)=9,ISERROR(FIND("-",LEFT(CH26,8))),ISNUMBER(-LEFT(CH26,8))),VALUE(LEFT(CH26,4)),VALUE(LEFT(CH26,FIND("-",CH26)-1)))),"")) | CN26: =IF(CH26="","",IFERROR(IF(AND(LEN(CH26)=9,ISERROR(FIND("-",LEFT(CH26,8))),ISNUMBER(-LEFT(CH26,8))),VALUE(MID(CH26,5,2)),VALUE(MID(CH26,FIND("-",CH26)+1,FIND("-",CH26,FIND("-",CH26)+1)-FIND("-",CH26)-1))),"")) | CO26: =IF(CH26="","",IFERROR(IF(AND(LEN(CH26)=9,ISERROR(FIND("-",LEFT(CH26,8))),ISNUMBER(-LEFT(CH26,8))),VALUE(MID(CH26,7,2)),VALUE(MID(CH26,FIND("-",CH26,FIND("-",CH26)+1)+1,FIND("-",CH26,FIND("-",CH26,FIND("-",CH26)+1)+1)-FIND("-",CH26,FIND("-",CH26)+1)-1))),""))
CB27: 26 | CC27: =IF($B$1+CB27>90,0,12*MAX(0,$B$6-IF($B$1+CB27>=$B$23,$B$22,0))*(1+$B$4)^CB27/(1+$B$3)^(CB27-1)) | CE27: =IF($B$1+25>90,NA(),$B$1+25) | CF27: =IF(OR($B$21="",$B$1+25>90),NA(),INDEX($C$40:$BU$90,$B$21-$B$1+1,26)) | CH27: =IF(ISTEXT('월 가계부'!A27),SUBSTITUTE(SUBSTITUTE(SUBSTITUTE(SUBSTITUTE(SUBSTITUTE(SUBSTITUTE(SUBSTITUTE(SUBSTITUTE(SUBSTITUTE(TRIM('월 가계부'!A27),"년","-"),"월","-"),"일",""),".","-"),"/","-")," ","-"),"--","-"),"--","-"),"--","-")&"-","") | CI27: =IFERROR(IF('월 가계부'!A27="","",IF(ISNUMBER('월 가계부'!A27),IF(AND('월 가계부'!A27>=19000101,'월 가계부'!A27<=21001231),IF(AND(MOD(INT('월 가계부'!A27/100),100)>=1,MOD(INT('월 가계부'!A27/100),100)<=12,MOD(INT('월 가계부'!A27),100)>=1,MOD(INT('월 가계부'!A27),100)<=31),IF(MONTH(DATE(INT('월 가계부'!A27/10000),MOD(INT('월 가계부'!A27/100),100),MOD(INT('월 가계부'!A27),100)))=MOD(INT('월 가계부'!A27/100),100),DATE(INT('월 가계부'!A27/10000),MOD(INT('월 가계부'!A27/100),100),MOD(INT('월 가계부'!A27),100)),""),""),IF(AND('월 가계부'!A27>=36526,'월 가계부'!A27<73051),INT('월 가계부'!A27),"")),IF(OR(CM27="",CN27="",CO27=""),"",IF(AND(CM27>=2000,CM27<=2099,CN27>=1,CN27<=12,CO27>=1,CO27<=31),IF(MONTH(DATE(CM27,CN27,CO27))=CN27,DATE(CM27,CN27,CO27),""),"")))),"") | CJ27: =IFERROR(IF('월 가계부'!C27="","",IF(ISNUMBER('월 가계부'!C27),'월 가계부'!C27,VALUE(SUBSTITUTE(SUBSTITUTE(SUBSTITUTE(SUBSTITUTE(TRIM('월 가계부'!C27),",",""),"원","")," ",""),"−","-")))),"") | CK27: =IF(ISNUMBER(CI27),IF(CI27<$B$13,CI27,""),"") | CM27: =IF(CH27="","",IFERROR(IF(IF(AND(LEN(CH27)=9,ISERROR(FIND("-",LEFT(CH27,8))),ISNUMBER(-LEFT(CH27,8))),VALUE(LEFT(CH27,4)),VALUE(LEFT(CH27,FIND("-",CH27)-1)))<100,IF(AND(LEN(CH27)=9,ISERROR(FIND("-",LEFT(CH27,8))),ISNUMBER(-LEFT(CH27,8))),VALUE(LEFT(CH27,4)),VALUE(LEFT(CH27,FIND("-",CH27)-1)))+2000,IF(AND(LEN(CH27)=9,ISERROR(FIND("-",LEFT(CH27,8))),ISNUMBER(-LEFT(CH27,8))),VALUE(LEFT(CH27,4)),VALUE(LEFT(CH27,FIND("-",CH27)-1)))),"")) | CN27: =IF(CH27="","",IFERROR(IF(AND(LEN(CH27)=9,ISERROR(FIND("-",LEFT(CH27,8))),ISNUMBER(-LEFT(CH27,8))),VALUE(MID(CH27,5,2)),VALUE(MID(CH27,FIND("-",CH27)+1,FIND("-",CH27,FIND("-",CH27)+1)-FIND("-",CH27)-1))),"")) | CO27: =IF(CH27="","",IFERROR(IF(AND(LEN(CH27)=9,ISERROR(FIND("-",LEFT(CH27,8))),ISNUMBER(-LEFT(CH27,8))),VALUE(MID(CH27,7,2)),VALUE(MID(CH27,FIND("-",CH27,FIND("-",CH27)+1)+1,FIND("-",CH27,FIND("-",CH27,FIND("-",CH27)+1)+1)-FIND("-",CH27,FIND("-",CH27)+1)-1))),""))
CB28: 27 | CC28: =IF($B$1+CB28>90,0,12*MAX(0,$B$6-IF($B$1+CB28>=$B$23,$B$22,0))*(1+$B$4)^CB28/(1+$B$3)^(CB28-1)) | CE28: =IF($B$1+26>90,NA(),$B$1+26) | CF28: =IF(OR($B$21="",$B$1+26>90),NA(),INDEX($C$40:$BU$90,$B$21-$B$1+1,27)) | CH28: =IF(ISTEXT('월 가계부'!A28),SUBSTITUTE(SUBSTITUTE(SUBSTITUTE(SUBSTITUTE(SUBSTITUTE(SUBSTITUTE(SUBSTITUTE(SUBSTITUTE(SUBSTITUTE(TRIM('월 가계부'!A28),"년","-"),"월","-"),"일",""),".","-"),"/","-")," ","-"),"--","-"),"--","-"),"--","-")&"-","") | CI28: =IFERROR(IF('월 가계부'!A28="","",IF(ISNUMBER('월 가계부'!A28),IF(AND('월 가계부'!A28>=19000101,'월 가계부'!A28<=21001231),IF(AND(MOD(INT('월 가계부'!A28/100),100)>=1,MOD(INT('월 가계부'!A28/100),100)<=12,MOD(INT('월 가계부'!A28),100)>=1,MOD(INT('월 가계부'!A28),100)<=31),IF(MONTH(DATE(INT('월 가계부'!A28/10000),MOD(INT('월 가계부'!A28/100),100),MOD(INT('월 가계부'!A28),100)))=MOD(INT('월 가계부'!A28/100),100),DATE(INT('월 가계부'!A28/10000),MOD(INT('월 가계부'!A28/100),100),MOD(INT('월 가계부'!A28),100)),""),""),IF(AND('월 가계부'!A28>=36526,'월 가계부'!A28<73051),INT('월 가계부'!A28),"")),IF(OR(CM28="",CN28="",CO28=""),"",IF(AND(CM28>=2000,CM28<=2099,CN28>=1,CN28<=12,CO28>=1,CO28<=31),IF(MONTH(DATE(CM28,CN28,CO28))=CN28,DATE(CM28,CN28,CO28),""),"")))),"") | CJ28: =IFERROR(IF('월 가계부'!C28="","",IF(ISNUMBER('월 가계부'!C28),'월 가계부'!C28,VALUE(SUBSTITUTE(SUBSTITUTE(SUBSTITUTE(SUBSTITUTE(TRIM('월 가계부'!C28),",",""),"원","")," ",""),"−","-")))),"") | CK28: =IF(ISNUMBER(CI28),IF(CI28<$B$13,CI28,""),"") | CM28: =IF(CH28="","",IFERROR(IF(IF(AND(LEN(CH28)=9,ISERROR(FIND("-",LEFT(CH28,8))),ISNUMBER(-LEFT(CH28,8))),VALUE(LEFT(CH28,4)),VALUE(LEFT(CH28,FIND("-",CH28)-1)))<100,IF(AND(LEN(CH28)=9,ISERROR(FIND("-",LEFT(CH28,8))),ISNUMBER(-LEFT(CH28,8))),VALUE(LEFT(CH28,4)),VALUE(LEFT(CH28,FIND("-",CH28)-1)))+2000,IF(AND(LEN(CH28)=9,ISERROR(FIND("-",LEFT(CH28,8))),ISNUMBER(-LEFT(CH28,8))),VALUE(LEFT(CH28,4)),VALUE(LEFT(CH28,FIND("-",CH28)-1)))),"")) | CN28: =IF(CH28="","",IFERROR(IF(AND(LEN(CH28)=9,ISERROR(FIND("-",LEFT(CH28,8))),ISNUMBER(-LEFT(CH28,8))),VALUE(MID(CH28,5,2)),VALUE(MID(CH28,FIND("-",CH28)+1,FIND("-",CH28,FIND("-",CH28)+1)-FIND("-",CH28)-1))),"")) | CO28: =IF(CH28="","",IFERROR(IF(AND(LEN(CH28)=9,ISERROR(FIND("-",LEFT(CH28,8))),ISNUMBER(-LEFT(CH28,8))),VALUE(MID(CH28,7,2)),VALUE(MID(CH28,FIND("-",CH28,FIND("-",CH28)+1)+1,FIND("-",CH28,FIND("-",CH28,FIND("-",CH28)+1)+1)-FIND("-",CH28,FIND("-",CH28)+1)-1))),""))
CB29: 28 | CC29: =IF($B$1+CB29>90,0,12*MAX(0,$B$6-IF($B$1+CB29>=$B$23,$B$22,0))*(1+$B$4)^CB29/(1+$B$3)^(CB29-1)) | CE29: =IF($B$1+27>90,NA(),$B$1+27) | CF29: =IF(OR($B$21="",$B$1+27>90),NA(),INDEX($C$40:$BU$90,$B$21-$B$1+1,28)) | CH29: =IF(ISTEXT('월 가계부'!A29),SUBSTITUTE(SUBSTITUTE(SUBSTITUTE(SUBSTITUTE(SUBSTITUTE(SUBSTITUTE(SUBSTITUTE(SUBSTITUTE(SUBSTITUTE(TRIM('월 가계부'!A29),"년","-"),"월","-"),"일",""),".","-"),"/","-")," ","-"),"--","-"),"--","-"),"--","-")&"-","") | CI29: =IFERROR(IF('월 가계부'!A29="","",IF(ISNUMBER('월 가계부'!A29),IF(AND('월 가계부'!A29>=19000101,'월 가계부'!A29<=21001231),IF(AND(MOD(INT('월 가계부'!A29/100),100)>=1,MOD(INT('월 가계부'!A29/100),100)<=12,MOD(INT('월 가계부'!A29),100)>=1,MOD(INT('월 가계부'!A29),100)<=31),IF(MONTH(DATE(INT('월 가계부'!A29/10000),MOD(INT('월 가계부'!A29/100),100),MOD(INT('월 가계부'!A29),100)))=MOD(INT('월 가계부'!A29/100),100),DATE(INT('월 가계부'!A29/10000),MOD(INT('월 가계부'!A29/100),100),MOD(INT('월 가계부'!A29),100)),""),""),IF(AND('월 가계부'!A29>=36526,'월 가계부'!A29<73051),INT('월 가계부'!A29),"")),IF(OR(CM29="",CN29="",CO29=""),"",IF(AND(CM29>=2000,CM29<=2099,CN29>=1,CN29<=12,CO29>=1,CO29<=31),IF(MONTH(DATE(CM29,CN29,CO29))=CN29,DATE(CM29,CN29,CO29),""),"")))),"") | CJ29: =IFERROR(IF('월 가계부'!C29="","",IF(ISNUMBER('월 가계부'!C29),'월 가계부'!C29,VALUE(SUBSTITUTE(SUBSTITUTE(SUBSTITUTE(SUBSTITUTE(TRIM('월 가계부'!C29),",",""),"원","")," ",""),"−","-")))),"") | CK29: =IF(ISNUMBER(CI29),IF(CI29<$B$13,CI29,""),"") | CM29: =IF(CH29="","",IFERROR(IF(IF(AND(LEN(CH29)=9,ISERROR(FIND("-",LEFT(CH29,8))),ISNUMBER(-LEFT(CH29,8))),VALUE(LEFT(CH29,4)),VALUE(LEFT(CH29,FIND("-",CH29)-1)))<100,IF(AND(LEN(CH29)=9,ISERROR(FIND("-",LEFT(CH29,8))),ISNUMBER(-LEFT(CH29,8))),VALUE(LEFT(CH29,4)),VALUE(LEFT(CH29,FIND("-",CH29)-1)))+2000,IF(AND(LEN(CH29)=9,ISERROR(FIND("-",LEFT(CH29,8))),ISNUMBER(-LEFT(CH29,8))),VALUE(LEFT(CH29,4)),VALUE(LEFT(CH29,FIND("-",CH29)-1)))),"")) | CN29: =IF(CH29="","",IFERROR(IF(AND(LEN(CH29)=9,ISERROR(FIND("-",LEFT(CH29,8))),ISNUMBER(-LEFT(CH29,8))),VALUE(MID(CH29,5,2)),VALUE(MID(CH29,FIND("-",CH29)+1,FIND("-",CH29,FIND("-",CH29)+1)-FIND("-",CH29)-1))),"")) | CO29: =IF(CH29="","",IFERROR(IF(AND(LEN(CH29)=9,ISERROR(FIND("-",LEFT(CH29,8))),ISNUMBER(-LEFT(CH29,8))),VALUE(MID(CH29,7,2)),VALUE(MID(CH29,FIND("-",CH29,FIND("-",CH29)+1)+1,FIND("-",CH29,FIND("-",CH29,FIND("-",CH29)+1)+1)-FIND("-",CH29,FIND("-",CH29)+1)-1))),""))
A30: 큰 숫자 | B30: =IF(B5="","가계부를 넣어 주세요",IF(D37="","70세 넘음",IF(B37=$B$1,"지금",B37&"세"))) | CB30: 29 | CC30: =IF($B$1+CB30>90,0,12*MAX(0,$B$6-IF($B$1+CB30>=$B$23,$B$22,0))*(1+$B$4)^CB30/(1+$B$3)^(CB30-1)) | CE30: =IF($B$1+28>90,NA(),$B$1+28) | CF30: =IF(OR($B$21="",$B$1+28>90),NA(),INDEX($C$40:$BU$90,$B$21-$B$1+1,29)) | CH30: =IF(ISTEXT('월 가계부'!A30),SUBSTITUTE(SUBSTITUTE(SUBSTITUTE(SUBSTITUTE(SUBSTITUTE(SUBSTITUTE(SUBSTITUTE(SUBSTITUTE(SUBSTITUTE(TRIM('월 가계부'!A30),"년","-"),"월","-"),"일",""),".","-"),"/","-")," ","-"),"--","-"),"--","-"),"--","-")&"-","") | CI30: =IFERROR(IF('월 가계부'!A30="","",IF(ISNUMBER('월 가계부'!A30),IF(AND('월 가계부'!A30>=19000101,'월 가계부'!A30<=21001231),IF(AND(MOD(INT('월 가계부'!A30/100),100)>=1,MOD(INT('월 가계부'!A30/100),100)<=12,MOD(INT('월 가계부'!A30),100)>=1,MOD(INT('월 가계부'!A30),100)<=31),IF(MONTH(DATE(INT('월 가계부'!A30/10000),MOD(INT('월 가계부'!A30/100),100),MOD(INT('월 가계부'!A30),100)))=MOD(INT('월 가계부'!A30/100),100),DATE(INT('월 가계부'!A30/10000),MOD(INT('월 가계부'!A30/100),100),MOD(INT('월 가계부'!A30),100)),""),""),IF(AND('월 가계부'!A30>=36526,'월 가계부'!A30<73051),INT('월 가계부'!A30),"")),IF(OR(CM30="",CN30="",CO30=""),"",IF(AND(CM30>=2000,CM30<=2099,CN30>=1,CN30<=12,CO30>=1,CO30<=31),IF(MONTH(DATE(CM30,CN30,CO30))=CN30,DATE(CM30,CN30,CO30),""),"")))),"") | CJ30: =IFERROR(IF('월 가계부'!C30="","",IF(ISNUMBER('월 가계부'!C30),'월 가계부'!C30,VALUE(SUBSTITUTE(SUBSTITUTE(SUBSTITUTE(SUBSTITUTE(TRIM('월 가계부'!C30),",",""),"원","")," ",""),"−","-")))),"") | CK30: =IF(ISNUMBER(CI30),IF(CI30<$B$13,CI30,""),"") | CM30: =IF(CH30="","",IFERROR(IF(IF(AND(LEN(CH30)=9,ISERROR(FIND("-",LEFT(CH30,8))),ISNUMBER(-LEFT(CH30,8))),VALUE(LEFT(CH30,4)),VALUE(LEFT(CH30,FIND("-",CH30)-1)))<100,IF(AND(LEN(CH30)=9,ISERROR(FIND("-",LEFT(CH30,8))),ISNUMBER(-LEFT(CH30,8))),VALUE(LEFT(CH30,4)),VALUE(LEFT(CH30,FIND("-",CH30)-1)))+2000,IF(AND(LEN(CH30)=9,ISERROR(FIND("-",LEFT(CH30,8))),ISNUMBER(-LEFT(CH30,8))),VALUE(LEFT(CH30,4)),VALUE(LEFT(CH30,FIND("-",CH30)-1)))),"")) | CN30: =IF(CH30="","",IFERROR(IF(AND(LEN(CH30)=9,ISERROR(FIND("-",LEFT(CH30,8))),ISNUMBER(-LEFT(CH30,8))),VALUE(MID(CH30,5,2)),VALUE(MID(CH30,FIND("-",CH30)+1,FIND("-",CH30,FIND("-",CH30)+1)-FIND("-",CH30)-1))),"")) | CO30: =IF(CH30="","",IFERROR(IF(AND(LEN(CH30)=9,ISERROR(FIND("-",LEFT(CH30,8))),ISNUMBER(-LEFT(CH30,8))),VALUE(MID(CH30,7,2)),VALUE(MID(CH30,FIND("-",CH30,FIND("-",CH30)+1)+1,FIND("-",CH30,FIND("-",CH30,FIND("-",CH30)+1)+1)-FIND("-",CH30,FIND("-",CH30)+1)-1))),""))
A31: 지난달 대비 | B31: =IFERROR(IF(OR(B8=0,D37="",D149=""),"",IF(D37=D149,"지난달과 같음","이번 달 지출대로면 지난달보다 "&ABS(D37-D149)&"개월 "&IF(D37<D149,"빨라져요","늦어져요"))),"") | CB31: 30 | CC31: =IF($B$1+CB31>90,0,12*MAX(0,$B$6-IF($B$1+CB31>=$B$23,$B$22,0))*(1+$B$4)^CB31/(1+$B$3)^(CB31-1)) | CE31: =IF($B$1+29>90,NA(),$B$1+29) | CF31: =IF(OR($B$21="",$B$1+29>90),NA(),INDEX($C$40:$BU$90,$B$21-$B$1+1,30)) | CH31: =IF(ISTEXT('월 가계부'!A31),SUBSTITUTE(SUBSTITUTE(SUBSTITUTE(SUBSTITUTE(SUBSTITUTE(SUBSTITUTE(SUBSTITUTE(SUBSTITUTE(SUBSTITUTE(TRIM('월 가계부'!A31),"년","-"),"월","-"),"일",""),".","-"),"/","-")," ","-"),"--","-"),"--","-"),"--","-")&"-","") | CI31: =IFERROR(IF('월 가계부'!A31="","",IF(ISNUMBER('월 가계부'!A31),IF(AND('월 가계부'!A31>=19000101,'월 가계부'!A31<=21001231),IF(AND(MOD(INT('월 가계부'!A31/100),100)>=1,MOD(INT('월 가계부'!A31/100),100)<=12,MOD(INT('월 가계부'!A31),100)>=1,MOD(INT('월 가계부'!A31),100)<=31),IF(MONTH(DATE(INT('월 가계부'!A31/10000),MOD(INT('월 가계부'!A31/100),100),MOD(INT('월 가계부'!A31),100)))=MOD(INT('월 가계부'!A31/100),100),DATE(INT('월 가계부'!A31/10000),MOD(INT('월 가계부'!A31/100),100),MOD(INT('월 가계부'!A31),100)),""),""),IF(AND('월 가계부'!A31>=36526,'월 가계부'!A31<73051),INT('월 가계부'!A31),"")),IF(OR(CM31="",CN31="",CO31=""),"",IF(AND(CM31>=2000,CM31<=2099,CN31>=1,CN31<=12,CO31>=1,CO31<=31),IF(MONTH(DATE(CM31,CN31,CO31))=CN31,DATE(CM31,CN31,CO31),""),"")))),"") | CJ31: =IFERROR(IF('월 가계부'!C31="","",IF(ISNUMBER('월 가계부'!C31),'월 가계부'!C31,VALUE(SUBSTITUTE(SUBSTITUTE(SUBSTITUTE(SUBSTITUTE(TRIM('월 가계부'!C31),",",""),"원","")," ",""),"−","-")))),"") | CK31: =IF(ISNUMBER(CI31),IF(CI31<$B$13,CI31,""),"") | CM31: =IF(CH31="","",IFERROR(IF(IF(AND(LEN(CH31)=9,ISERROR(FIND("-",LEFT(CH31,8))),ISNUMBER(-LEFT(CH31,8))),VALUE(LEFT(CH31,4)),VALUE(LEFT(CH31,FIND("-",CH31)-1)))<100,IF(AND(LEN(CH31)=9,ISERROR(FIND("-",LEFT(CH31,8))),ISNUMBER(-LEFT(CH31,8))),VALUE(LEFT(CH31,4)),VALUE(LEFT(CH31,FIND("-",CH31)-1)))+2000,IF(AND(LEN(CH31)=9,ISERROR(FIND("-",LEFT(CH31,8))),ISNUMBER(-LEFT(CH31,8))),VALUE(LEFT(CH31,4)),VALUE(LEFT(CH31,FIND("-",CH31)-1)))),"")) | CN31: =IF(CH31="","",IFERROR(IF(AND(LEN(CH31)=9,ISERROR(FIND("-",LEFT(CH31,8))),ISNUMBER(-LEFT(CH31,8))),VALUE(MID(CH31,5,2)),VALUE(MID(CH31,FIND("-",CH31)+1,FIND("-",CH31,FIND("-",CH31)+1)-FIND("-",CH31)-1))),"")) | CO31: =IF(CH31="","",IFERROR(IF(AND(LEN(CH31)=9,ISERROR(FIND("-",LEFT(CH31,8))),ISNUMBER(-LEFT(CH31,8))),VALUE(MID(CH31,7,2)),VALUE(MID(CH31,FIND("-",CH31,FIND("-",CH31)+1)+1,FIND("-",CH31,FIND("-",CH31,FIND("-",CH31)+1)+1)-FIND("-",CH31,FIND("-",CH31)+1)-1))),""))
A32: 필요 자산 | B32: =CEILING(SUM(CC2:CC71),1) | CB32: 31 | CC32: =IF($B$1+CB32>90,0,12*MAX(0,$B$6-IF($B$1+CB32>=$B$23,$B$22,0))*(1+$B$4)^CB32/(1+$B$3)^(CB32-1)) | CE32: =IF($B$1+30>90,NA(),$B$1+30) | CF32: =IF(OR($B$21="",$B$1+30>90),NA(),INDEX($C$40:$BU$90,$B$21-$B$1+1,31)) | CH32: =IF(ISTEXT('월 가계부'!A32),SUBSTITUTE(SUBSTITUTE(SUBSTITUTE(SUBSTITUTE(SUBSTITUTE(SUBSTITUTE(SUBSTITUTE(SUBSTITUTE(SUBSTITUTE(TRIM('월 가계부'!A32),"년","-"),"월","-"),"일",""),".","-"),"/","-")," ","-"),"--","-"),"--","-"),"--","-")&"-","") | CI32: =IFERROR(IF('월 가계부'!A32="","",IF(ISNUMBER('월 가계부'!A32),IF(AND('월 가계부'!A32>=19000101,'월 가계부'!A32<=21001231),IF(AND(MOD(INT('월 가계부'!A32/100),100)>=1,MOD(INT('월 가계부'!A32/100),100)<=12,MOD(INT('월 가계부'!A32),100)>=1,MOD(INT('월 가계부'!A32),100)<=31),IF(MONTH(DATE(INT('월 가계부'!A32/10000),MOD(INT('월 가계부'!A32/100),100),MOD(INT('월 가계부'!A32),100)))=MOD(INT('월 가계부'!A32/100),100),DATE(INT('월 가계부'!A32/10000),MOD(INT('월 가계부'!A32/100),100),MOD(INT('월 가계부'!A32),100)),""),""),IF(AND('월 가계부'!A32>=36526,'월 가계부'!A32<73051),INT('월 가계부'!A32),"")),IF(OR(CM32="",CN32="",CO32=""),"",IF(AND(CM32>=2000,CM32<=2099,CN32>=1,CN32<=12,CO32>=1,CO32<=31),IF(MONTH(DATE(CM32,CN32,CO32))=CN32,DATE(CM32,CN32,CO32),""),"")))),"") | CJ32: =IFERROR(IF('월 가계부'!C32="","",IF(ISNUMBER('월 가계부'!C32),'월 가계부'!C32,VALUE(SUBSTITUTE(SUBSTITUTE(SUBSTITUTE(SUBSTITUTE(TRIM('월 가계부'!C32),",",""),"원","")," ",""),"−","-")))),"") | CK32: =IF(ISNUMBER(CI32),IF(CI32<$B$13,CI32,""),"") | CM32: =IF(CH32="","",IFERROR(IF(IF(AND(LEN(CH32)=9,ISERROR(FIND("-",LEFT(CH32,8))),ISNUMBER(-LEFT(CH32,8))),VALUE(LEFT(CH32,4)),VALUE(LEFT(CH32,FIND("-",CH32)-1)))<100,IF(AND(LEN(CH32)=9,ISERROR(FIND("-",LEFT(CH32,8))),ISNUMBER(-LEFT(CH32,8))),VALUE(LEFT(CH32,4)),VALUE(LEFT(CH32,FIND("-",CH32)-1)))+2000,IF(AND(LEN(CH32)=9,ISERROR(FIND("-",LEFT(CH32,8))),ISNUMBER(-LEFT(CH32,8))),VALUE(LEFT(CH32,4)),VALUE(LEFT(CH32,FIND("-",CH32)-1)))),"")) | CN32: =IF(CH32="","",IFERROR(IF(AND(LEN(CH32)=9,ISERROR(FIND("-",LEFT(CH32,8))),ISNUMBER(-LEFT(CH32,8))),VALUE(MID(CH32,5,2)),VALUE(MID(CH32,FIND("-",CH32)+1,FIND("-",CH32,FIND("-",CH32)+1)-FIND("-",CH32)-1))),"")) | CO32: =IF(CH32="","",IFERROR(IF(AND(LEN(CH32)=9,ISERROR(FIND("-",LEFT(CH32,8))),ISNUMBER(-LEFT(CH32,8))),VALUE(MID(CH32,7,2)),VALUE(MID(CH32,FIND("-",CH32,FIND("-",CH32)+1)+1,FIND("-",CH32,FIND("-",CH32,FIND("-",CH32)+1)+1)-FIND("-",CH32,FIND("-",CH32)+1)-1))),""))
A33: 경고 | B33: =TRIM(IF(B16,"아직 끝나지 않은 "&(YEAR(B5)&"년 "&MONTH(B5)&"월")&" 가계부로 계산했어요. 달이 끝나기 전에는 숫자가 크게 틀릴 수 있어요. ","")&IF(B18>0,"날짜나 금액을 못 읽은 "&B18&"줄은 빠졌어요(월 가계부 E열). ","")&IF(B19>0,"3,000줄(3002행) 밖에 적은 "&B19&"줄은 빠졌어요.","")) | CB33: 32 | CC33: =IF($B$1+CB33>90,0,12*MAX(0,$B$6-IF($B$1+CB33>=$B$23,$B$22,0))*(1+$B$4)^CB33/(1+$B$3)^(CB33-1)) | CE33: =IF($B$1+31>90,NA(),$B$1+31) | CF33: =IF(OR($B$21="",$B$1+31>90),NA(),INDEX($C$40:$BU$90,$B$21-$B$1+1,32)) | CH33: =IF(ISTEXT('월 가계부'!A33),SUBSTITUTE(SUBSTITUTE(SUBSTITUTE(SUBSTITUTE(SUBSTITUTE(SUBSTITUTE(SUBSTITUTE(SUBSTITUTE(SUBSTITUTE(TRIM('월 가계부'!A33),"년","-"),"월","-"),"일",""),".","-"),"/","-")," ","-"),"--","-"),"--","-"),"--","-")&"-","") | CI33: =IFERROR(IF('월 가계부'!A33="","",IF(ISNUMBER('월 가계부'!A33),IF(AND('월 가계부'!A33>=19000101,'월 가계부'!A33<=21001231),IF(AND(MOD(INT('월 가계부'!A33/100),100)>=1,MOD(INT('월 가계부'!A33/100),100)<=12,MOD(INT('월 가계부'!A33),100)>=1,MOD(INT('월 가계부'!A33),100)<=31),IF(MONTH(DATE(INT('월 가계부'!A33/10000),MOD(INT('월 가계부'!A33/100),100),MOD(INT('월 가계부'!A33),100)))=MOD(INT('월 가계부'!A33/100),100),DATE(INT('월 가계부'!A33/10000),MOD(INT('월 가계부'!A33/100),100),MOD(INT('월 가계부'!A33),100)),""),""),IF(AND('월 가계부'!A33>=36526,'월 가계부'!A33<73051),INT('월 가계부'!A33),"")),IF(OR(CM33="",CN33="",CO33=""),"",IF(AND(CM33>=2000,CM33<=2099,CN33>=1,CN33<=12,CO33>=1,CO33<=31),IF(MONTH(DATE(CM33,CN33,CO33))=CN33,DATE(CM33,CN33,CO33),""),"")))),"") | CJ33: =IFERROR(IF('월 가계부'!C33="","",IF(ISNUMBER('월 가계부'!C33),'월 가계부'!C33,VALUE(SUBSTITUTE(SUBSTITUTE(SUBSTITUTE(SUBSTITUTE(TRIM('월 가계부'!C33),",",""),"원","")," ",""),"−","-")))),"") | CK33: =IF(ISNUMBER(CI33),IF(CI33<$B$13,CI33,""),"") | CM33: =IF(CH33="","",IFERROR(IF(IF(AND(LEN(CH33)=9,ISERROR(FIND("-",LEFT(CH33,8))),ISNUMBER(-LEFT(CH33,8))),VALUE(LEFT(CH33,4)),VALUE(LEFT(CH33,FIND("-",CH33)-1)))<100,IF(AND(LEN(CH33)=9,ISERROR(FIND("-",LEFT(CH33,8))),ISNUMBER(-LEFT(CH33,8))),VALUE(LEFT(CH33,4)),VALUE(LEFT(CH33,FIND("-",CH33)-1)))+2000,IF(AND(LEN(CH33)=9,ISERROR(FIND("-",LEFT(CH33,8))),ISNUMBER(-LEFT(CH33,8))),VALUE(LEFT(CH33,4)),VALUE(LEFT(CH33,FIND("-",CH33)-1)))),"")) | CN33: =IF(CH33="","",IFERROR(IF(AND(LEN(CH33)=9,ISERROR(FIND("-",LEFT(CH33,8))),ISNUMBER(-LEFT(CH33,8))),VALUE(MID(CH33,5,2)),VALUE(MID(CH33,FIND("-",CH33)+1,FIND("-",CH33,FIND("-",CH33)+1)-FIND("-",CH33)-1))),"")) | CO33: =IF(CH33="","",IFERROR(IF(AND(LEN(CH33)=9,ISERROR(FIND("-",LEFT(CH33,8))),ISNUMBER(-LEFT(CH33,8))),VALUE(MID(CH33,7,2)),VALUE(MID(CH33,FIND("-",CH33,FIND("-",CH33)+1)+1,FIND("-",CH33,FIND("-",CH33,FIND("-",CH33)+1)+1)-FIND("-",CH33,FIND("-",CH33)+1)-1))),""))
A34: 기준 달 | B34: =IF(B5="","",(YEAR(B5)&"년 "&MONTH(B5)&"월")&" 가계부 기준"&IF(AND(NOT(B16),B17>0)," · 이번 달부터 적은 "&B17&"줄은 달이 끝나면 들어가요","")) | CB34: 33 | CC34: =IF($B$1+CB34>90,0,12*MAX(0,$B$6-IF($B$1+CB34>=$B$23,$B$22,0))*(1+$B$4)^CB34/(1+$B$3)^(CB34-1)) | CE34: =IF($B$1+32>90,NA(),$B$1+32) | CF34: =IF(OR($B$21="",$B$1+32>90),NA(),INDEX($C$40:$BU$90,$B$21-$B$1+1,33)) | CH34: =IF(ISTEXT('월 가계부'!A34),SUBSTITUTE(SUBSTITUTE(SUBSTITUTE(SUBSTITUTE(SUBSTITUTE(SUBSTITUTE(SUBSTITUTE(SUBSTITUTE(SUBSTITUTE(TRIM('월 가계부'!A34),"년","-"),"월","-"),"일",""),".","-"),"/","-")," ","-"),"--","-"),"--","-"),"--","-")&"-","") | CI34: =IFERROR(IF('월 가계부'!A34="","",IF(ISNUMBER('월 가계부'!A34),IF(AND('월 가계부'!A34>=19000101,'월 가계부'!A34<=21001231),IF(AND(MOD(INT('월 가계부'!A34/100),100)>=1,MOD(INT('월 가계부'!A34/100),100)<=12,MOD(INT('월 가계부'!A34),100)>=1,MOD(INT('월 가계부'!A34),100)<=31),IF(MONTH(DATE(INT('월 가계부'!A34/10000),MOD(INT('월 가계부'!A34/100),100),MOD(INT('월 가계부'!A34),100)))=MOD(INT('월 가계부'!A34/100),100),DATE(INT('월 가계부'!A34/10000),MOD(INT('월 가계부'!A34/100),100),MOD(INT('월 가계부'!A34),100)),""),""),IF(AND('월 가계부'!A34>=36526,'월 가계부'!A34<73051),INT('월 가계부'!A34),"")),IF(OR(CM34="",CN34="",CO34=""),"",IF(AND(CM34>=2000,CM34<=2099,CN34>=1,CN34<=12,CO34>=1,CO34<=31),IF(MONTH(DATE(CM34,CN34,CO34))=CN34,DATE(CM34,CN34,CO34),""),"")))),"") | CJ34: =IFERROR(IF('월 가계부'!C34="","",IF(ISNUMBER('월 가계부'!C34),'월 가계부'!C34,VALUE(SUBSTITUTE(SUBSTITUTE(SUBSTITUTE(SUBSTITUTE(TRIM('월 가계부'!C34),",",""),"원","")," ",""),"−","-")))),"") | CK34: =IF(ISNUMBER(CI34),IF(CI34<$B$13,CI34,""),"") | CM34: =IF(CH34="","",IFERROR(IF(IF(AND(LEN(CH34)=9,ISERROR(FIND("-",LEFT(CH34,8))),ISNUMBER(-LEFT(CH34,8))),VALUE(LEFT(CH34,4)),VALUE(LEFT(CH34,FIND("-",CH34)-1)))<100,IF(AND(LEN(CH34)=9,ISERROR(FIND("-",LEFT(CH34,8))),ISNUMBER(-LEFT(CH34,8))),VALUE(LEFT(CH34,4)),VALUE(LEFT(CH34,FIND("-",CH34)-1)))+2000,IF(AND(LEN(CH34)=9,ISERROR(FIND("-",LEFT(CH34,8))),ISNUMBER(-LEFT(CH34,8))),VALUE(LEFT(CH34,4)),VALUE(LEFT(CH34,FIND("-",CH34)-1)))),"")) | CN34: =IF(CH34="","",IFERROR(IF(AND(LEN(CH34)=9,ISERROR(FIND("-",LEFT(CH34,8))),ISNUMBER(-LEFT(CH34,8))),VALUE(MID(CH34,5,2)),VALUE(MID(CH34,FIND("-",CH34)+1,FIND("-",CH34,FIND("-",CH34)+1)-FIND("-",CH34)-1))),"")) | CO34: =IF(CH34="","",IFERROR(IF(AND(LEN(CH34)=9,ISERROR(FIND("-",LEFT(CH34,8))),ISNUMBER(-LEFT(CH34,8))),VALUE(MID(CH34,7,2)),VALUE(MID(CH34,FIND("-",CH34,FIND("-",CH34)+1)+1,FIND("-",CH34,FIND("-",CH34,FIND("-",CH34)+1)+1)-FIND("-",CH34,FIND("-",CH34)+1)-1))),""))
A35: 10만원 | B35: =IFERROR(IF(OR(B5="",D37="",D93=""),"",IF(D93-D37<=0,"","월 지출이 10만원 늘면 은퇴가 약 "&(D93-D37)&"개월 늦어져요")),"") | CB35: 34 | CC35: =IF($B$1+CB35>90,0,12*MAX(0,$B$6-IF($B$1+CB35>=$B$23,$B$22,0))*(1+$B$4)^CB35/(1+$B$3)^(CB35-1)) | CE35: =IF($B$1+33>90,NA(),$B$1+33) | CF35: =IF(OR($B$21="",$B$1+33>90),NA(),INDEX($C$40:$BU$90,$B$21-$B$1+1,34)) | CH35: =IF(ISTEXT('월 가계부'!A35),SUBSTITUTE(SUBSTITUTE(SUBSTITUTE(SUBSTITUTE(SUBSTITUTE(SUBSTITUTE(SUBSTITUTE(SUBSTITUTE(SUBSTITUTE(TRIM('월 가계부'!A35),"년","-"),"월","-"),"일",""),".","-"),"/","-")," ","-"),"--","-"),"--","-"),"--","-")&"-","") | CI35: =IFERROR(IF('월 가계부'!A35="","",IF(ISNUMBER('월 가계부'!A35),IF(AND('월 가계부'!A35>=19000101,'월 가계부'!A35<=21001231),IF(AND(MOD(INT('월 가계부'!A35/100),100)>=1,MOD(INT('월 가계부'!A35/100),100)<=12,MOD(INT('월 가계부'!A35),100)>=1,MOD(INT('월 가계부'!A35),100)<=31),IF(MONTH(DATE(INT('월 가계부'!A35/10000),MOD(INT('월 가계부'!A35/100),100),MOD(INT('월 가계부'!A35),100)))=MOD(INT('월 가계부'!A35/100),100),DATE(INT('월 가계부'!A35/10000),MOD(INT('월 가계부'!A35/100),100),MOD(INT('월 가계부'!A35),100)),""),""),IF(AND('월 가계부'!A35>=36526,'월 가계부'!A35<73051),INT('월 가계부'!A35),"")),IF(OR(CM35="",CN35="",CO35=""),"",IF(AND(CM35>=2000,CM35<=2099,CN35>=1,CN35<=12,CO35>=1,CO35<=31),IF(MONTH(DATE(CM35,CN35,CO35))=CN35,DATE(CM35,CN35,CO35),""),"")))),"") | CJ35: =IFERROR(IF('월 가계부'!C35="","",IF(ISNUMBER('월 가계부'!C35),'월 가계부'!C35,VALUE(SUBSTITUTE(SUBSTITUTE(SUBSTITUTE(SUBSTITUTE(TRIM('월 가계부'!C35),",",""),"원","")," ",""),"−","-")))),"") | CK35: =IF(ISNUMBER(CI35),IF(CI35<$B$13,CI35,""),"") | CM35: =IF(CH35="","",IFERROR(IF(IF(AND(LEN(CH35)=9,ISERROR(FIND("-",LEFT(CH35,8))),ISNUMBER(-LEFT(CH35,8))),VALUE(LEFT(CH35,4)),VALUE(LEFT(CH35,FIND("-",CH35)-1)))<100,IF(AND(LEN(CH35)=9,ISERROR(FIND("-",LEFT(CH35,8))),ISNUMBER(-LEFT(CH35,8))),VALUE(LEFT(CH35,4)),VALUE(LEFT(CH35,FIND("-",CH35)-1)))+2000,IF(AND(LEN(CH35)=9,ISERROR(FIND("-",LEFT(CH35,8))),ISNUMBER(-LEFT(CH35,8))),VALUE(LEFT(CH35,4)),VALUE(LEFT(CH35,FIND("-",CH35)-1)))),"")) | CN35: =IF(CH35="","",IFERROR(IF(AND(LEN(CH35)=9,ISERROR(FIND("-",LEFT(CH35,8))),ISNUMBER(-LEFT(CH35,8))),VALUE(MID(CH35,5,2)),VALUE(MID(CH35,FIND("-",CH35)+1,FIND("-",CH35,FIND("-",CH35)+1)-FIND("-",CH35)-1))),"")) | CO35: =IF(CH35="","",IFERROR(IF(AND(LEN(CH35)=9,ISERROR(FIND("-",LEFT(CH35,8))),ISNUMBER(-LEFT(CH35,8))),VALUE(MID(CH35,7,2)),VALUE(MID(CH35,FIND("-",CH35,FIND("-",CH35)+1)+1,FIND("-",CH35,FIND("-",CH35,FIND("-",CH35)+1)+1)-FIND("-",CH35,FIND("-",CH35)+1)-1))),""))
CB36: 35 | CC36: =IF($B$1+CB36>90,0,12*MAX(0,$B$6-IF($B$1+CB36>=$B$23,$B$22,0))*(1+$B$4)^CB36/(1+$B$3)^(CB36-1)) | CE36: =IF($B$1+34>90,NA(),$B$1+34) | CF36: =IF(OR($B$21="",$B$1+34>90),NA(),INDEX($C$40:$BU$90,$B$21-$B$1+1,35)) | CH36: =IF(ISTEXT('월 가계부'!A36),SUBSTITUTE(SUBSTITUTE(SUBSTITUTE(SUBSTITUTE(SUBSTITUTE(SUBSTITUTE(SUBSTITUTE(SUBSTITUTE(SUBSTITUTE(TRIM('월 가계부'!A36),"년","-"),"월","-"),"일",""),".","-"),"/","-")," ","-"),"--","-"),"--","-"),"--","-")&"-","") | CI36: =IFERROR(IF('월 가계부'!A36="","",IF(ISNUMBER('월 가계부'!A36),IF(AND('월 가계부'!A36>=19000101,'월 가계부'!A36<=21001231),IF(AND(MOD(INT('월 가계부'!A36/100),100)>=1,MOD(INT('월 가계부'!A36/100),100)<=12,MOD(INT('월 가계부'!A36),100)>=1,MOD(INT('월 가계부'!A36),100)<=31),IF(MONTH(DATE(INT('월 가계부'!A36/10000),MOD(INT('월 가계부'!A36/100),100),MOD(INT('월 가계부'!A36),100)))=MOD(INT('월 가계부'!A36/100),100),DATE(INT('월 가계부'!A36/10000),MOD(INT('월 가계부'!A36/100),100),MOD(INT('월 가계부'!A36),100)),""),""),IF(AND('월 가계부'!A36>=36526,'월 가계부'!A36<73051),INT('월 가계부'!A36),"")),IF(OR(CM36="",CN36="",CO36=""),"",IF(AND(CM36>=2000,CM36<=2099,CN36>=1,CN36<=12,CO36>=1,CO36<=31),IF(MONTH(DATE(CM36,CN36,CO36))=CN36,DATE(CM36,CN36,CO36),""),"")))),"") | CJ36: =IFERROR(IF('월 가계부'!C36="","",IF(ISNUMBER('월 가계부'!C36),'월 가계부'!C36,VALUE(SUBSTITUTE(SUBSTITUTE(SUBSTITUTE(SUBSTITUTE(TRIM('월 가계부'!C36),",",""),"원","")," ",""),"−","-")))),"") | CK36: =IF(ISNUMBER(CI36),IF(CI36<$B$13,CI36,""),"") | CM36: =IF(CH36="","",IFERROR(IF(IF(AND(LEN(CH36)=9,ISERROR(FIND("-",LEFT(CH36,8))),ISNUMBER(-LEFT(CH36,8))),VALUE(LEFT(CH36,4)),VALUE(LEFT(CH36,FIND("-",CH36)-1)))<100,IF(AND(LEN(CH36)=9,ISERROR(FIND("-",LEFT(CH36,8))),ISNUMBER(-LEFT(CH36,8))),VALUE(LEFT(CH36,4)),VALUE(LEFT(CH36,FIND("-",CH36)-1)))+2000,IF(AND(LEN(CH36)=9,ISERROR(FIND("-",LEFT(CH36,8))),ISNUMBER(-LEFT(CH36,8))),VALUE(LEFT(CH36,4)),VALUE(LEFT(CH36,FIND("-",CH36)-1)))),"")) | CN36: =IF(CH36="","",IFERROR(IF(AND(LEN(CH36)=9,ISERROR(FIND("-",LEFT(CH36,8))),ISNUMBER(-LEFT(CH36,8))),VALUE(MID(CH36,5,2)),VALUE(MID(CH36,FIND("-",CH36)+1,FIND("-",CH36,FIND("-",CH36)+1)-FIND("-",CH36)-1))),"")) | CO36: =IF(CH36="","",IFERROR(IF(AND(LEN(CH36)=9,ISERROR(FIND("-",LEFT(CH36,8))),ISNUMBER(-LEFT(CH36,8))),VALUE(MID(CH36,7,2)),VALUE(MID(CH36,FIND("-",CH36,FIND("-",CH36)+1)+1,FIND("-",CH36,FIND("-",CH36,FIND("-",CH36)+1)+1)-FIND("-",CH36,FIND("-",CH36)+1)-1))),""))
A37: 결과 0 | B37: =MIN(BW40:BW90) | C37: =IF(B37=999,"",IF(B37=$B$1,$B$1,B37-1+(-INDEX(BV40:BV90,B37-$B$1))/(INDEX(BV40:BV90,B37-$B$1+1)-INDEX(BV40:BV90,B37-$B$1)))) | D37: =IF(C37="","",ROUND(C37*12,0)) | CB37: 36 | CC37: =IF($B$1+CB37>90,0,12*MAX(0,$B$6-IF($B$1+CB37>=$B$23,$B$22,0))*(1+$B$4)^CB37/(1+$B$3)^(CB37-1)) | CE37: =IF($B$1+35>90,NA(),$B$1+35) | CF37: =IF(OR($B$21="",$B$1+35>90),NA(),INDEX($C$40:$BU$90,$B$21-$B$1+1,36)) | CH37: =IF(ISTEXT('월 가계부'!A37),SUBSTITUTE(SUBSTITUTE(SUBSTITUTE(SUBSTITUTE(SUBSTITUTE(SUBSTITUTE(SUBSTITUTE(SUBSTITUTE(SUBSTITUTE(TRIM('월 가계부'!A37),"년","-"),"월","-"),"일",""),".","-"),"/","-")," ","-"),"--","-"),"--","-"),"--","-")&"-","") | CI37: =IFERROR(IF('월 가계부'!A37="","",IF(ISNUMBER('월 가계부'!A37),IF(AND('월 가계부'!A37>=19000101,'월 가계부'!A37<=21001231),IF(AND(MOD(INT('월 가계부'!A37/100),100)>=1,MOD(INT('월 가계부'!A37/100),100)<=12,MOD(INT('월 가계부'!A37),100)>=1,MOD(INT('월 가계부'!A37),100)<=31),IF(MONTH(DATE(INT('월 가계부'!A37/10000),MOD(INT('월 가계부'!A37/100),100),MOD(INT('월 가계부'!A37),100)))=MOD(INT('월 가계부'!A37/100),100),DATE(INT('월 가계부'!A37/10000),MOD(INT('월 가계부'!A37/100),100),MOD(INT('월 가계부'!A37),100)),""),""),IF(AND('월 가계부'!A37>=36526,'월 가계부'!A37<73051),INT('월 가계부'!A37),"")),IF(OR(CM37="",CN37="",CO37=""),"",IF(AND(CM37>=2000,CM37<=2099,CN37>=1,CN37<=12,CO37>=1,CO37<=31),IF(MONTH(DATE(CM37,CN37,CO37))=CN37,DATE(CM37,CN37,CO37),""),"")))),"") | CJ37: =IFERROR(IF('월 가계부'!C37="","",IF(ISNUMBER('월 가계부'!C37),'월 가계부'!C37,VALUE(SUBSTITUTE(SUBSTITUTE(SUBSTITUTE(SUBSTITUTE(TRIM('월 가계부'!C37),",",""),"원","")," ",""),"−","-")))),"") | CK37: =IF(ISNUMBER(CI37),IF(CI37<$B$13,CI37,""),"") | CM37: =IF(CH37="","",IFERROR(IF(IF(AND(LEN(CH37)=9,ISERROR(FIND("-",LEFT(CH37,8))),ISNUMBER(-LEFT(CH37,8))),VALUE(LEFT(CH37,4)),VALUE(LEFT(CH37,FIND("-",CH37)-1)))<100,IF(AND(LEN(CH37)=9,ISERROR(FIND("-",LEFT(CH37,8))),ISNUMBER(-LEFT(CH37,8))),VALUE(LEFT(CH37,4)),VALUE(LEFT(CH37,FIND("-",CH37)-1)))+2000,IF(AND(LEN(CH37)=9,ISERROR(FIND("-",LEFT(CH37,8))),ISNUMBER(-LEFT(CH37,8))),VALUE(LEFT(CH37,4)),VALUE(LEFT(CH37,FIND("-",CH37)-1)))),"")) | CN37: =IF(CH37="","",IFERROR(IF(AND(LEN(CH37)=9,ISERROR(FIND("-",LEFT(CH37,8))),ISNUMBER(-LEFT(CH37,8))),VALUE(MID(CH37,5,2)),VALUE(MID(CH37,FIND("-",CH37)+1,FIND("-",CH37,FIND("-",CH37)+1)-FIND("-",CH37)-1))),"")) | CO37: =IF(CH37="","",IFERROR(IF(AND(LEN(CH37)=9,ISERROR(FIND("-",LEFT(CH37,8))),ISNUMBER(-LEFT(CH37,8))),VALUE(MID(CH37,7,2)),VALUE(MID(CH37,FIND("-",CH37,FIND("-",CH37)+1)+1,FIND("-",CH37,FIND("-",CH37,FIND("-",CH37)+1)+1)-FIND("-",CH37,FIND("-",CH37)+1)-1))),""))
CB38: 37 | CC38: =IF($B$1+CB38>90,0,12*MAX(0,$B$6-IF($B$1+CB38>=$B$23,$B$22,0))*(1+$B$4)^CB38/(1+$B$3)^(CB38-1)) | CE38: =IF($B$1+36>90,NA(),$B$1+36) | CF38: =IF(OR($B$21="",$B$1+36>90),NA(),INDEX($C$40:$BU$90,$B$21-$B$1+1,37)) | CH38: =IF(ISTEXT('월 가계부'!A38),SUBSTITUTE(SUBSTITUTE(SUBSTITUTE(SUBSTITUTE(SUBSTITUTE(SUBSTITUTE(SUBSTITUTE(SUBSTITUTE(SUBSTITUTE(TRIM('월 가계부'!A38),"년","-"),"월","-"),"일",""),".","-"),"/","-")," ","-"),"--","-"),"--","-"),"--","-")&"-","") | CI38: =IFERROR(IF('월 가계부'!A38="","",IF(ISNUMBER('월 가계부'!A38),IF(AND('월 가계부'!A38>=19000101,'월 가계부'!A38<=21001231),IF(AND(MOD(INT('월 가계부'!A38/100),100)>=1,MOD(INT('월 가계부'!A38/100),100)<=12,MOD(INT('월 가계부'!A38),100)>=1,MOD(INT('월 가계부'!A38),100)<=31),IF(MONTH(DATE(INT('월 가계부'!A38/10000),MOD(INT('월 가계부'!A38/100),100),MOD(INT('월 가계부'!A38),100)))=MOD(INT('월 가계부'!A38/100),100),DATE(INT('월 가계부'!A38/10000),MOD(INT('월 가계부'!A38/100),100),MOD(INT('월 가계부'!A38),100)),""),""),IF(AND('월 가계부'!A38>=36526,'월 가계부'!A38<73051),INT('월 가계부'!A38),"")),IF(OR(CM38="",CN38="",CO38=""),"",IF(AND(CM38>=2000,CM38<=2099,CN38>=1,CN38<=12,CO38>=1,CO38<=31),IF(MONTH(DATE(CM38,CN38,CO38))=CN38,DATE(CM38,CN38,CO38),""),"")))),"") | CJ38: =IFERROR(IF('월 가계부'!C38="","",IF(ISNUMBER('월 가계부'!C38),'월 가계부'!C38,VALUE(SUBSTITUTE(SUBSTITUTE(SUBSTITUTE(SUBSTITUTE(TRIM('월 가계부'!C38),",",""),"원","")," ",""),"−","-")))),"") | CK38: =IF(ISNUMBER(CI38),IF(CI38<$B$13,CI38,""),"") | CM38: =IF(CH38="","",IFERROR(IF(IF(AND(LEN(CH38)=9,ISERROR(FIND("-",LEFT(CH38,8))),ISNUMBER(-LEFT(CH38,8))),VALUE(LEFT(CH38,4)),VALUE(LEFT(CH38,FIND("-",CH38)-1)))<100,IF(AND(LEN(CH38)=9,ISERROR(FIND("-",LEFT(CH38,8))),ISNUMBER(-LEFT(CH38,8))),VALUE(LEFT(CH38,4)),VALUE(LEFT(CH38,FIND("-",CH38)-1)))+2000,IF(AND(LEN(CH38)=9,ISERROR(FIND("-",LEFT(CH38,8))),ISNUMBER(-LEFT(CH38,8))),VALUE(LEFT(CH38,4)),VALUE(LEFT(CH38,FIND("-",CH38)-1)))),"")) | CN38: =IF(CH38="","",IFERROR(IF(AND(LEN(CH38)=9,ISERROR(FIND("-",LEFT(CH38,8))),ISNUMBER(-LEFT(CH38,8))),VALUE(MID(CH38,5,2)),VALUE(MID(CH38,FIND("-",CH38)+1,FIND("-",CH38,FIND("-",CH38)+1)-FIND("-",CH38)-1))),"")) | CO38: =IF(CH38="","",IFERROR(IF(AND(LEN(CH38)=9,ISERROR(FIND("-",LEFT(CH38,8))),ISNUMBER(-LEFT(CH38,8))),VALUE(MID(CH38,7,2)),VALUE(MID(CH38,FIND("-",CH38,FIND("-",CH38)+1)+1,FIND("-",CH38,FIND("-",CH38,FIND("-",CH38)+1)+1)-FIND("-",CH38,FIND("-",CH38)+1)-1))),""))
A39: 시나리오 0 | B39: R | C39: 0 | D39: 1 | E39: 2 | F39: 3 | G39: 4 | H39: 5 | I39: 6 | J39: 7 | K39: 8 | L39: 9 | M39: 10 | N39: 11 | O39: 12 | P39: 13 | Q39: 14 | R39: 15 | S39: 16 | T39: 17 | U39: 18 | V39: 19 | W39: 20 | X39: 21 | Y39: 22 | Z39: 23 | AA39: 24 | AB39: 25 | AC39: 26 | AD39: 27 | AE39: 28 | AF39: 29 | AG39: 30 | AH39: 31 | AI39: 32 | AJ39: 33 | AK39: 34 | AL39: 35 | AM39: 36 | AN39: 37 | AO39: 38 | AP39: 39 | AQ39: 40 | AR39: 41 | AS39: 42 | AT39: 43 | AU39: 44 | AV39: 45 | AW39: 46 | AX39: 47 | AY39: 48 | AZ39: 49 | BA39: 50 | BB39: 51 | BC39: 52 | BD39: 53 | BE39: 54 | BF39: 55 | BG39: 56 | BH39: 57 | BI39: 58 | BJ39: 59 | BK39: 60 | BL39: 61 | BM39: 62 | BN39: 63 | BO39: 64 | BP39: 65 | BQ39: 66 | BR39: 67 | BS39: 68 | BT39: 69 | BU39: 70 | BV39: 90세 자산 | BW39: 가능 R | CB39: 38 | CC39: =IF($B$1+CB39>90,0,12*MAX(0,$B$6-IF($B$1+CB39>=$B$23,$B$22,0))*(1+$B$4)^CB39/(1+$B$3)^(CB39-1)) | CE39: =IF($B$1+37>90,NA(),$B$1+37) | CF39: =IF(OR($B$21="",$B$1+37>90),NA(),INDEX($C$40:$BU$90,$B$21-$B$1+1,38)) | CH39: =IF(ISTEXT('월 가계부'!A39),SUBSTITUTE(SUBSTITUTE(SUBSTITUTE(SUBSTITUTE(SUBSTITUTE(SUBSTITUTE(SUBSTITUTE(SUBSTITUTE(SUBSTITUTE(TRIM('월 가계부'!A39),"년","-"),"월","-"),"일",""),".","-"),"/","-")," ","-"),"--","-"),"--","-"),"--","-")&"-","") | CI39: =IFERROR(IF('월 가계부'!A39="","",IF(ISNUMBER('월 가계부'!A39),IF(AND('월 가계부'!A39>=19000101,'월 가계부'!A39<=21001231),IF(AND(MOD(INT('월 가계부'!A39/100),100)>=1,MOD(INT('월 가계부'!A39/100),100)<=12,MOD(INT('월 가계부'!A39),100)>=1,MOD(INT('월 가계부'!A39),100)<=31),IF(MONTH(DATE(INT('월 가계부'!A39/10000),MOD(INT('월 가계부'!A39/100),100),MOD(INT('월 가계부'!A39),100)))=MOD(INT('월 가계부'!A39/100),100),DATE(INT('월 가계부'!A39/10000),MOD(INT('월 가계부'!A39/100),100),MOD(INT('월 가계부'!A39),100)),""),""),IF(AND('월 가계부'!A39>=36526,'월 가계부'!A39<73051),INT('월 가계부'!A39),"")),IF(OR(CM39="",CN39="",CO39=""),"",IF(AND(CM39>=2000,CM39<=2099,CN39>=1,CN39<=12,CO39>=1,CO39<=31),IF(MONTH(DATE(CM39,CN39,CO39))=CN39,DATE(CM39,CN39,CO39),""),"")))),"") | CJ39: =IFERROR(IF('월 가계부'!C39="","",IF(ISNUMBER('월 가계부'!C39),'월 가계부'!C39,VALUE(SUBSTITUTE(SUBSTITUTE(SUBSTITUTE(SUBSTITUTE(TRIM('월 가계부'!C39),",",""),"원","")," ",""),"−","-")))),"") | CK39: =IF(ISNUMBER(CI39),IF(CI39<$B$13,CI39,""),"") | CM39: =IF(CH39="","",IFERROR(IF(IF(AND(LEN(CH39)=9,ISERROR(FIND("-",LEFT(CH39,8))),ISNUMBER(-LEFT(CH39,8))),VALUE(LEFT(CH39,4)),VALUE(LEFT(CH39,FIND("-",CH39)-1)))<100,IF(AND(LEN(CH39)=9,ISERROR(FIND("-",LEFT(CH39,8))),ISNUMBER(-LEFT(CH39,8))),VALUE(LEFT(CH39,4)),VALUE(LEFT(CH39,FIND("-",CH39)-1)))+2000,IF(AND(LEN(CH39)=9,ISERROR(FIND("-",LEFT(CH39,8))),ISNUMBER(-LEFT(CH39,8))),VALUE(LEFT(CH39,4)),VALUE(LEFT(CH39,FIND("-",CH39)-1)))),"")) | CN39: =IF(CH39="","",IFERROR(IF(AND(LEN(CH39)=9,ISERROR(FIND("-",LEFT(CH39,8))),ISNUMBER(-LEFT(CH39,8))),VALUE(MID(CH39,5,2)),VALUE(MID(CH39,FIND("-",CH39)+1,FIND("-",CH39,FIND("-",CH39)+1)-FIND("-",CH39)-1))),"")) | CO39: =IF(CH39="","",IFERROR(IF(AND(LEN(CH39)=9,ISERROR(FIND("-",LEFT(CH39,8))),ISNUMBER(-LEFT(CH39,8))),VALUE(MID(CH39,7,2)),VALUE(MID(CH39,FIND("-",CH39,FIND("-",CH39)+1)+1,FIND("-",CH39,FIND("-",CH39,FIND("-",CH39)+1)+1)-FIND("-",CH39,FIND("-",CH39)+1)-1))),""))
A40: 0 | B40: =$B$1+0 | C40: =$B$2 | D40: =IF($B$1+1>90,C40,(C40+IF($B$1+1<=$B40,12*$B$7,-12*MAX(0,$B$6-IF($B$1+1>=$B$23,$B$22,0))*(1+$B$4)^1))*IF(C40+IF($B$1+1<=$B40,12*$B$7,-12*MAX(0,$B$6-IF($B$1+1>=$B$23,$B$22,0))*(1+$B$4)^1)>0,1+$B$3,1)) | E40: =IF($B$1+2>90,D40,(D40+IF($B$1+2<=$B40,12*$B$7,-12*MAX(0,$B$6-IF($B$1+2>=$B$23,$B$22,0))*(1+$B$4)^2))*IF(D40+IF($B$1+2<=$B40,12*$B$7,-12*MAX(0,$B$6-IF($B$1+2>=$B$23,$B$22,0))*(1+$B$4)^2)>0,1+$B$3,1)) | F40: =IF($B$1+3>90,E40,(E40+IF($B$1+3<=$B40,12*$B$7,-12*MAX(0,$B$6-IF($B$1+3>=$B$23,$B$22,0))*(1+$B$4)^3))*IF(E40+IF($B$1+3<=$B40,12*$B$7,-12*MAX(0,$B$6-IF($B$1+3>=$B$23,$B$22,0))*(1+$B$4)^3)>0,1+$B$3,1)) | G40: =IF($B$1+4>90,F40,(F40+IF($B$1+4<=$B40,12*$B$7,-12*MAX(0,$B$6-IF($B$1+4>=$B$23,$B$22,0))*(1+$B$4)^4))*IF(F40+IF($B$1+4<=$B40,12*$B$7,-12*MAX(0,$B$6-IF($B$1+4>=$B$23,$B$22,0))*(1+$B$4)^4)>0,1+$B$3,1)) | H40: =IF($B$1+5>90,G40,(G40+IF($B$1+5<=$B40,12*$B$7,-12*MAX(0,$B$6-IF($B$1+5>=$B$23,$B$22,0))*(1+$B$4)^5))*IF(G40+IF($B$1+5<=$B40,12*$B$7,-12*MAX(0,$B$6-IF($B$1+5>=$B$23,$B$22,0))*(1+$B$4)^5)>0,1+$B$3,1)) | I40: =IF($B$1+6>90,H40,(H40+IF($B$1+6<=$B40,12*$B$7,-12*MAX(0,$B$6-IF($B$1+6>=$B$23,$B$22,0))*(1+$B$4)^6))*IF(H40+IF($B$1+6<=$B40,12*$B$7,-12*MAX(0,$B$6-IF($B$1+6>=$B$23,$B$22,0))*(1+$B$4)^6)>0,1+$B$3,1)) | J40: =IF($B$1+7>90,I40,(I40+IF($B$1+7<=$B40,12*$B$7,-12*MAX(0,$B$6-IF($B$1+7>=$B$23,$B$22,0))*(1+$B$4)^7))*IF(I40+IF($B$1+7<=$B40,12*$B$7,-12*MAX(0,$B$6-IF($B$1+7>=$B$23,$B$22,0))*(1+$B$4)^7)>0,1+$B$3,1)) | K40: =IF($B$1+8>90,J40,(J40+IF($B$1+8<=$B40,12*$B$7,-12*MAX(0,$B$6-IF($B$1+8>=$B$23,$B$22,0))*(1+$B$4)^8))*IF(J40+IF($B$1+8<=$B40,12*$B$7,-12*MAX(0,$B$6-IF($B$1+8>=$B$23,$B$22,0))*(1+$B$4)^8)>0,1+$B$3,1)) | L40: =IF($B$1+9>90,K40,(K40+IF($B$1+9<=$B40,12*$B$7,-12*MAX(0,$B$6-IF($B$1+9>=$B$23,$B$22,0))*(1+$B$4)^9))*IF(K40+IF($B$1+9<=$B40,12*$B$7,-12*MAX(0,$B$6-IF($B$1+9>=$B$23,$B$22,0))*(1+$B$4)^9)>0,1+$B$3,1)) | M40: =IF($B$1+10>90,L40,(L40+IF($B$1+10<=$B40,12*$B$7,-12*MAX(0,$B$6-IF($B$1+10>=$B$23,$B$22,0))*(1+$B$4)^10))*IF(L40+IF($B$1+10<=$B40,12*$B$7,-12*MAX(0,$B$6-IF($B$1+10>=$B$23,$B$22,0))*(1+$B$4)^10)>0,1+$B$3,1)) | N40: =IF($B$1+11>90,M40,(M40+IF($B$1+11<=$B40,12*$B$7,-12*MAX(0,$B$6-IF($B$1+11>=$B$23,$B$22,0))*(1+$B$4)^11))*IF(M40+IF($B$1+11<=$B40,12*$B$7,-12*MAX(0,$B$6-IF($B$1+11>=$B$23,$B$22,0))*(1+$B$4)^11)>0,1+$B$3,1)) | O40: =IF($B$1+12>90,N40,(N40+IF($B$1+12<=$B40,12*$B$7,-12*MAX(0,$B$6-IF($B$1+12>=$B$23,$B$22,0))*(1+$B$4)^12))*IF(N40+IF($B$1+12<=$B40,12*$B$7,-12*MAX(0,$B$6-IF($B$1+12>=$B$23,$B$22,0))*(1+$B$4)^12)>0,1+$B$3,1)) | P40: =IF($B$1+13>90,O40,(O40+IF($B$1+13<=$B40,12*$B$7,-12*MAX(0,$B$6-IF($B$1+13>=$B$23,$B$22,0))*(1+$B$4)^13))*IF(O40+IF($B$1+13<=$B40,12*$B$7,-12*MAX(0,$B$6-IF($B$1+13>=$B$23,$B$22,0))*(1+$B$4)^13)>0,1+$B$3,1)) | Q40: =IF($B$1+14>90,P40,(P40+IF($B$1+14<=$B40,12*$B$7,-12*MAX(0,$B$6-IF($B$1+14>=$B$23,$B$22,0))*(1+$B$4)^14))*IF(P40+IF($B$1+14<=$B40,12*$B$7,-12*MAX(0,$B$6-IF($B$1+14>=$B$23,$B$22,0))*(1+$B$4)^14)>0,1+$B$3,1)) | R40: =IF($B$1+15>90,Q40,(Q40+IF($B$1+15<=$B40,12*$B$7,-12*MAX(0,$B$6-IF($B$1+15>=$B$23,$B$22,0))*(1+$B$4)^15))*IF(Q40+IF($B$1+15<=$B40,12*$B$7,-12*MAX(0,$B$6-IF($B$1+15>=$B$23,$B$22,0))*(1+$B$4)^15)>0,1+$B$3,1)) | S40: =IF($B$1+16>90,R40,(R40+IF($B$1+16<=$B40,12*$B$7,-12*MAX(0,$B$6-IF($B$1+16>=$B$23,$B$22,0))*(1+$B$4)^16))*IF(R40+IF($B$1+16<=$B40,12*$B$7,-12*MAX(0,$B$6-IF($B$1+16>=$B$23,$B$22,0))*(1+$B$4)^16)>0,1+$B$3,1)) | T40: =IF($B$1+17>90,S40,(S40+IF($B$1+17<=$B40,12*$B$7,-12*MAX(0,$B$6-IF($B$1+17>=$B$23,$B$22,0))*(1+$B$4)^17))*IF(S40+IF($B$1+17<=$B40,12*$B$7,-12*MAX(0,$B$6-IF($B$1+17>=$B$23,$B$22,0))*(1+$B$4)^17)>0,1+$B$3,1)) | U40: =IF($B$1+18>90,T40,(T40+IF($B$1+18<=$B40,12*$B$7,-12*MAX(0,$B$6-IF($B$1+18>=$B$23,$B$22,0))*(1+$B$4)^18))*IF(T40+IF($B$1+18<=$B40,12*$B$7,-12*MAX(0,$B$6-IF($B$1+18>=$B$23,$B$22,0))*(1+$B$4)^18)>0,1+$B$3,1)) | V40: =IF($B$1+19>90,U40,(U40+IF($B$1+19<=$B40,12*$B$7,-12*MAX(0,$B$6-IF($B$1+19>=$B$23,$B$22,0))*(1+$B$4)^19))*IF(U40+IF($B$1+19<=$B40,12*$B$7,-12*MAX(0,$B$6-IF($B$1+19>=$B$23,$B$22,0))*(1+$B$4)^19)>0,1+$B$3,1)) | W40: =IF($B$1+20>90,V40,(V40+IF($B$1+20<=$B40,12*$B$7,-12*MAX(0,$B$6-IF($B$1+20>=$B$23,$B$22,0))*(1+$B$4)^20))*IF(V40+IF($B$1+20<=$B40,12*$B$7,-12*MAX(0,$B$6-IF($B$1+20>=$B$23,$B$22,0))*(1+$B$4)^20)>0,1+$B$3,1)) | X40: =IF($B$1+21>90,W40,(W40+IF($B$1+21<=$B40,12*$B$7,-12*MAX(0,$B$6-IF($B$1+21>=$B$23,$B$22,0))*(1+$B$4)^21))*IF(W40+IF($B$1+21<=$B40,12*$B$7,-12*MAX(0,$B$6-IF($B$1+21>=$B$23,$B$22,0))*(1+$B$4)^21)>0,1+$B$3,1)) | Y40: =IF($B$1+22>90,X40,(X40+IF($B$1+22<=$B40,12*$B$7,-12*MAX(0,$B$6-IF($B$1+22>=$B$23,$B$22,0))*(1+$B$4)^22))*IF(X40+IF($B$1+22<=$B40,12*$B$7,-12*MAX(0,$B$6-IF($B$1+22>=$B$23,$B$22,0))*(1+$B$4)^22)>0,1+$B$3,1)) | Z40: =IF($B$1+23>90,Y40,(Y40+IF($B$1+23<=$B40,12*$B$7,-12*MAX(0,$B$6-IF($B$1+23>=$B$23,$B$22,0))*(1+$B$4)^23))*IF(Y40+IF($B$1+23<=$B40,12*$B$7,-12*MAX(0,$B$6-IF($B$1+23>=$B$23,$B$22,0))*(1+$B$4)^23)>0,1+$B$3,1)) | AA40: =IF($B$1+24>90,Z40,(Z40+IF($B$1+24<=$B40,12*$B$7,-12*MAX(0,$B$6-IF($B$1+24>=$B$23,$B$22,0))*(1+$B$4)^24))*IF(Z40+IF($B$1+24<=$B40,12*$B$7,-12*MAX(0,$B$6-IF($B$1+24>=$B$23,$B$22,0))*(1+$B$4)^24)>0,1+$B$3,1)) | AB40: =IF($B$1+25>90,AA40,(AA40+IF($B$1+25<=$B40,12*$B$7,-12*MAX(0,$B$6-IF($B$1+25>=$B$23,$B$22,0))*(1+$B$4)^25))*IF(AA40+IF($B$1+25<=$B40,12*$B$7,-12*MAX(0,$B$6-IF($B$1+25>=$B$23,$B$22,0))*(1+$B$4)^25)>0,1+$B$3,1)) | AC40: =IF($B$1+26>90,AB40,(AB40+IF($B$1+26<=$B40,12*$B$7,-12*MAX(0,$B$6-IF($B$1+26>=$B$23,$B$22,0))*(1+$B$4)^26))*IF(AB40+IF($B$1+26<=$B40,12*$B$7,-12*MAX(0,$B$6-IF($B$1+26>=$B$23,$B$22,0))*(1+$B$4)^26)>0,1+$B$3,1)) | AD40: =IF($B$1+27>90,AC40,(AC40+IF($B$1+27<=$B40,12*$B$7,-12*MAX(0,$B$6-IF($B$1+27>=$B$23,$B$22,0))*(1+$B$4)^27))*IF(AC40+IF($B$1+27<=$B40,12*$B$7,-12*MAX(0,$B$6-IF($B$1+27>=$B$23,$B$22,0))*(1+$B$4)^27)>0,1+$B$3,1)) | AE40: =IF($B$1+28>90,AD40,(AD40+IF($B$1+28<=$B40,12*$B$7,-12*MAX(0,$B$6-IF($B$1+28>=$B$23,$B$22,0))*(1+$B$4)^28))*IF(AD40+IF($B$1+28<=$B40,12*$B$7,-12*MAX(0,$B$6-IF($B$1+28>=$B$23,$B$22,0))*(1+$B$4)^28)>0,1+$B$3,1)) | AF40: =IF($B$1+29>90,AE40,(AE40+IF($B$1+29<=$B40,12*$B$7,-12*MAX(0,$B$6-IF($B$1+29>=$B$23,$B$22,0))*(1+$B$4)^29))*IF(AE40+IF($B$1+29<=$B40,12*$B$7,-12*MAX(0,$B$6-IF($B$1+29>=$B$23,$B$22,0))*(1+$B$4)^29)>0,1+$B$3,1)) | AG40: =IF($B$1+30>90,AF40,(AF40+IF($B$1+30<=$B40,12*$B$7,-12*MAX(0,$B$6-IF($B$1+30>=$B$23,$B$22,0))*(1+$B$4)^30))*IF(AF40+IF($B$1+30<=$B40,12*$B$7,-12*MAX(0,$B$6-IF($B$1+30>=$B$23,$B$22,0))*(1+$B$4)^30)>0,1+$B$3,1)) | AH40: =IF($B$1+31>90,AG40,(AG40+IF($B$1+31<=$B40,12*$B$7,-12*MAX(0,$B$6-IF($B$1+31>=$B$23,$B$22,0))*(1+$B$4)^31))*IF(AG40+IF($B$1+31<=$B40,12*$B$7,-12*MAX(0,$B$6-IF($B$1+31>=$B$23,$B$22,0))*(1+$B$4)^31)>0,1+$B$3,1)) | AI40: =IF($B$1+32>90,AH40,(AH40+IF($B$1+32<=$B40,12*$B$7,-12*MAX(0,$B$6-IF($B$1+32>=$B$23,$B$22,0))*(1+$B$4)^32))*IF(AH40+IF($B$1+32<=$B40,12*$B$7,-12*MAX(0,$B$6-IF($B$1+32>=$B$23,$B$22,0))*(1+$B$4)^32)>0,1+$B$3,1)) | AJ40: =IF($B$1+33>90,AI40,(AI40+IF($B$1+33<=$B40,12*$B$7,-12*MAX(0,$B$6-IF($B$1+33>=$B$23,$B$22,0))*(1+$B$4)^33))*IF(AI40+IF($B$1+33<=$B40,12*$B$7,-12*MAX(0,$B$6-IF($B$1+33>=$B$23,$B$22,0))*(1+$B$4)^33)>0,1+$B$3,1)) | AK40: =IF($B$1+34>90,AJ40,(AJ40+IF($B$1+34<=$B40,12*$B$7,-12*MAX(0,$B$6-IF($B$1+34>=$B$23,$B$22,0))*(1+$B$4)^34))*IF(AJ40+IF($B$1+34<=$B40,12*$B$7,-12*MAX(0,$B$6-IF($B$1+34>=$B$23,$B$22,0))*(1+$B$4)^34)>0,1+$B$3,1)) | AL40: =IF($B$1+35>90,AK40,(AK40+IF($B$1+35<=$B40,12*$B$7,-12*MAX(0,$B$6-IF($B$1+35>=$B$23,$B$22,0))*(1+$B$4)^35))*IF(AK40+IF($B$1+35<=$B40,12*$B$7,-12*MAX(0,$B$6-IF($B$1+35>=$B$23,$B$22,0))*(1+$B$4)^35)>0,1+$B$3,1)) | AM40: =IF($B$1+36>90,AL40,(AL40+IF($B$1+36<=$B40,12*$B$7,-12*MAX(0,$B$6-IF($B$1+36>=$B$23,$B$22,0))*(1+$B$4)^36))*IF(AL40+IF($B$1+36<=$B40,12*$B$7,-12*MAX(0,$B$6-IF($B$1+36>=$B$23,$B$22,0))*(1+$B$4)^36)>0,1+$B$3,1)) | AN40: =IF($B$1+37>90,AM40,(AM40+IF($B$1+37<=$B40,12*$B$7,-12*MAX(0,$B$6-IF($B$1+37>=$B$23,$B$22,0))*(1+$B$4)^37))*IF(AM40+IF($B$1+37<=$B40,12*$B$7,-12*MAX(0,$B$6-IF($B$1+37>=$B$23,$B$22,0))*(1+$B$4)^37)>0,1+$B$3,1)) | AO40: =IF($B$1+38>90,AN40,(AN40+IF($B$1+38<=$B40,12*$B$7,-12*MAX(0,$B$6-IF($B$1+38>=$B$23,$B$22,0))*(1+$B$4)^38))*IF(AN40+IF($B$1+38<=$B40,12*$B$7,-12*MAX(0,$B$6-IF($B$1+38>=$B$23,$B$22,0))*(1+$B$4)^38)>0,1+$B$3,1)) | AP40: =IF($B$1+39>90,AO40,(AO40+IF($B$1+39<=$B40,12*$B$7,-12*MAX(0,$B$6-IF($B$1+39>=$B$23,$B$22,0))*(1+$B$4)^39))*IF(AO40+IF($B$1+39<=$B40,12*$B$7,-12*MAX(0,$B$6-IF($B$1+39>=$B$23,$B$22,0))*(1+$B$4)^39)>0,1+$B$3,1)) | AQ40: =IF($B$1+40>90,AP40,(AP40+IF($B$1+40<=$B40,12*$B$7,-12*MAX(0,$B$6-IF($B$1+40>=$B$23,$B$22,0))*(1+$B$4)^40))*IF(AP40+IF($B$1+40<=$B40,12*$B$7,-12*MAX(0,$B$6-IF($B$1+40>=$B$23,$B$22,0))*(1+$B$4)^40)>0,1+$B$3,1)) | AR40: =IF($B$1+41>90,AQ40,(AQ40+IF($B$1+41<=$B40,12*$B$7,-12*MAX(0,$B$6-IF($B$1+41>=$B$23,$B$22,0))*(1+$B$4)^41))*IF(AQ40+IF($B$1+41<=$B40,12*$B$7,-12*MAX(0,$B$6-IF($B$1+41>=$B$23,$B$22,0))*(1+$B$4)^41)>0,1+$B$3,1)) | AS40: =IF($B$1+42>90,AR40,(AR40+IF($B$1+42<=$B40,12*$B$7,-12*MAX(0,$B$6-IF($B$1+42>=$B$23,$B$22,0))*(1+$B$4)^42))*IF(AR40+IF($B$1+42<=$B40,12*$B$7,-12*MAX(0,$B$6-IF($B$1+42>=$B$23,$B$22,0))*(1+$B$4)^42)>0,1+$B$3,1)) | AT40: =IF($B$1+43>90,AS40,(AS40+IF($B$1+43<=$B40,12*$B$7,-12*MAX(0,$B$6-IF($B$1+43>=$B$23,$B$22,0))*(1+$B$4)^43))*IF(AS40+IF($B$1+43<=$B40,12*$B$7,-12*MAX(0,$B$6-IF($B$1+43>=$B$23,$B$22,0))*(1+$B$4)^43)>0,1+$B$3,1)) | AU40: =IF($B$1+44>90,AT40,(AT40+IF($B$1+44<=$B40,12*$B$7,-12*MAX(0,$B$6-IF($B$1+44>=$B$23,$B$22,0))*(1+$B$4)^44))*IF(AT40+IF($B$1+44<=$B40,12*$B$7,-12*MAX(0,$B$6-IF($B$1+44>=$B$23,$B$22,0))*(1+$B$4)^44)>0,1+$B$3,1)) | AV40: =IF($B$1+45>90,AU40,(AU40+IF($B$1+45<=$B40,12*$B$7,-12*MAX(0,$B$6-IF($B$1+45>=$B$23,$B$22,0))*(1+$B$4)^45))*IF(AU40+IF($B$1+45<=$B40,12*$B$7,-12*MAX(0,$B$6-IF($B$1+45>=$B$23,$B$22,0))*(1+$B$4)^45)>0,1+$B$3,1)) | AW40: =IF($B$1+46>90,AV40,(AV40+IF($B$1+46<=$B40,12*$B$7,-12*MAX(0,$B$6-IF($B$1+46>=$B$23,$B$22,0))*(1+$B$4)^46))*IF(AV40+IF($B$1+46<=$B40,12*$B$7,-12*MAX(0,$B$6-IF($B$1+46>=$B$23,$B$22,0))*(1+$B$4)^46)>0,1+$B$3,1)) | AX40: =IF($B$1+47>90,AW40,(AW40+IF($B$1+47<=$B40,12*$B$7,-12*MAX(0,$B$6-IF($B$1+47>=$B$23,$B$22,0))*(1+$B$4)^47))*IF(AW40+IF($B$1+47<=$B40,12*$B$7,-12*MAX(0,$B$6-IF($B$1+47>=$B$23,$B$22,0))*(1+$B$4)^47)>0,1+$B$3,1)) | AY40: =IF($B$1+48>90,AX40,(AX40+IF($B$1+48<=$B40,12*$B$7,-12*MAX(0,$B$6-IF($B$1+48>=$B$23,$B$22,0))*(1+$B$4)^48))*IF(AX40+IF($B$1+48<=$B40,12*$B$7,-12*MAX(0,$B$6-IF($B$1+48>=$B$23,$B$22,0))*(1+$B$4)^48)>0,1+$B$3,1)) | AZ40: =IF($B$1+49>90,AY40,(AY40+IF($B$1+49<=$B40,12*$B$7,-12*MAX(0,$B$6-IF($B$1+49>=$B$23,$B$22,0))*(1+$B$4)^49))*IF(AY40+IF($B$1+49<=$B40,12*$B$7,-12*MAX(0,$B$6-IF($B$1+49>=$B$23,$B$22,0))*(1+$B$4)^49)>0,1+$B$3,1)) | BA40: =IF($B$1+50>90,AZ40,(AZ40+IF($B$1+50<=$B40,12*$B$7,-12*MAX(0,$B$6-IF($B$1+50>=$B$23,$B$22,0))*(1+$B$4)^50))*IF(AZ40+IF($B$1+50<=$B40,12*$B$7,-12*MAX(0,$B$6-IF($B$1+50>=$B$23,$B$22,0))*(1+$B$4)^50)>0,1+$B$3,1)) | BB40: =IF($B$1+51>90,BA40,(BA40+IF($B$1+51<=$B40,12*$B$7,-12*MAX(0,$B$6-IF($B$1+51>=$B$23,$B$22,0))*(1+$B$4)^51))*IF(BA40+IF($B$1+51<=$B40,12*$B$7,-12*MAX(0,$B$6-IF($B$1+51>=$B$23,$B$22,0))*(1+$B$4)^51)>0,1+$B$3,1)) | BC40: =IF($B$1+52>90,BB40,(BB40+IF($B$1+52<=$B40,12*$B$7,-12*MAX(0,$B$6-IF($B$1+52>=$B$23,$B$22,0))*(1+$B$4)^52))*IF(BB40+IF($B$1+52<=$B40,12*$B$7,-12*MAX(0,$B$6-IF($B$1+52>=$B$23,$B$22,0))*(1+$B$4)^52)>0,1+$B$3,1)) | BD40: =IF($B$1+53>90,BC40,(BC40+IF($B$1+53<=$B40,12*$B$7,-12*MAX(0,$B$6-IF($B$1+53>=$B$23,$B$22,0))*(1+$B$4)^53))*IF(BC40+IF($B$1+53<=$B40,12*$B$7,-12*MAX(0,$B$6-IF($B$1+53>=$B$23,$B$22,0))*(1+$B$4)^53)>0,1+$B$3,1)) | BE40: =IF($B$1+54>90,BD40,(BD40+IF($B$1+54<=$B40,12*$B$7,-12*MAX(0,$B$6-IF($B$1+54>=$B$23,$B$22,0))*(1+$B$4)^54))*IF(BD40+IF($B$1+54<=$B40,12*$B$7,-12*MAX(0,$B$6-IF($B$1+54>=$B$23,$B$22,0))*(1+$B$4)^54)>0,1+$B$3,1)) | BF40: =IF($B$1+55>90,BE40,(BE40+IF($B$1+55<=$B40,12*$B$7,-12*MAX(0,$B$6-IF($B$1+55>=$B$23,$B$22,0))*(1+$B$4)^55))*IF(BE40+IF($B$1+55<=$B40,12*$B$7,-12*MAX(0,$B$6-IF($B$1+55>=$B$23,$B$22,0))*(1+$B$4)^55)>0,1+$B$3,1)) | BG40: =IF($B$1+56>90,BF40,(BF40+IF($B$1+56<=$B40,12*$B$7,-12*MAX(0,$B$6-IF($B$1+56>=$B$23,$B$22,0))*(1+$B$4)^56))*IF(BF40+IF($B$1+56<=$B40,12*$B$7,-12*MAX(0,$B$6-IF($B$1+56>=$B$23,$B$22,0))*(1+$B$4)^56)>0,1+$B$3,1)) | BH40: =IF($B$1+57>90,BG40,(BG40+IF($B$1+57<=$B40,12*$B$7,-12*MAX(0,$B$6-IF($B$1+57>=$B$23,$B$22,0))*(1+$B$4)^57))*IF(BG40+IF($B$1+57<=$B40,12*$B$7,-12*MAX(0,$B$6-IF($B$1+57>=$B$23,$B$22,0))*(1+$B$4)^57)>0,1+$B$3,1)) | BI40: =IF($B$1+58>90,BH40,(BH40+IF($B$1+58<=$B40,12*$B$7,-12*MAX(0,$B$6-IF($B$1+58>=$B$23,$B$22,0))*(1+$B$4)^58))*IF(BH40+IF($B$1+58<=$B40,12*$B$7,-12*MAX(0,$B$6-IF($B$1+58>=$B$23,$B$22,0))*(1+$B$4)^58)>0,1+$B$3,1)) | BJ40: =IF($B$1+59>90,BI40,(BI40+IF($B$1+59<=$B40,12*$B$7,-12*MAX(0,$B$6-IF($B$1+59>=$B$23,$B$22,0))*(1+$B$4)^59))*IF(BI40+IF($B$1+59<=$B40,12*$B$7,-12*MAX(0,$B$6-IF($B$1+59>=$B$23,$B$22,0))*(1+$B$4)^59)>0,1+$B$3,1)) | BK40: =IF($B$1+60>90,BJ40,(BJ40+IF($B$1+60<=$B40,12*$B$7,-12*MAX(0,$B$6-IF($B$1+60>=$B$23,$B$22,0))*(1+$B$4)^60))*IF(BJ40+IF($B$1+60<=$B40,12*$B$7,-12*MAX(0,$B$6-IF($B$1+60>=$B$23,$B$22,0))*(1+$B$4)^60)>0,1+$B$3,1)) | BL40: =IF($B$1+61>90,BK40,(BK40+IF($B$1+61<=$B40,12*$B$7,-12*MAX(0,$B$6-IF($B$1+61>=$B$23,$B$22,0))*(1+$B$4)^61))*IF(BK40+IF($B$1+61<=$B40,12*$B$7,-12*MAX(0,$B$6-IF($B$1+61>=$B$23,$B$22,0))*(1+$B$4)^61)>0,1+$B$3,1)) | BM40: =IF($B$1+62>90,BL40,(BL40+IF($B$1+62<=$B40,12*$B$7,-12*MAX(0,$B$6-IF($B$1+62>=$B$23,$B$22,0))*(1+$B$4)^62))*IF(BL40+IF($B$1+62<=$B40,12*$B$7,-12*MAX(0,$B$6-IF($B$1+62>=$B$23,$B$22,0))*(1+$B$4)^62)>0,1+$B$3,1)) | BN40: =IF($B$1+63>90,BM40,(BM40+IF($B$1+63<=$B40,12*$B$7,-12*MAX(0,$B$6-IF($B$1+63>=$B$23,$B$22,0))*(1+$B$4)^63))*IF(BM40+IF($B$1+63<=$B40,12*$B$7,-12*MAX(0,$B$6-IF($B$1+63>=$B$23,$B$22,0))*(1+$B$4)^63)>0,1+$B$3,1)) | BO40: =IF($B$1+64>90,BN40,(BN40+IF($B$1+64<=$B40,12*$B$7,-12*MAX(0,$B$6-IF($B$1+64>=$B$23,$B$22,0))*(1+$B$4)^64))*IF(BN40+IF($B$1+64<=$B40,12*$B$7,-12*MAX(0,$B$6-IF($B$1+64>=$B$23,$B$22,0))*(1+$B$4)^64)>0,1+$B$3,1)) | BP40: =IF($B$1+65>90,BO40,(BO40+IF($B$1+65<=$B40,12*$B$7,-12*MAX(0,$B$6-IF($B$1+65>=$B$23,$B$22,0))*(1+$B$4)^65))*IF(BO40+IF($B$1+65<=$B40,12*$B$7,-12*MAX(0,$B$6-IF($B$1+65>=$B$23,$B$22,0))*(1+$B$4)^65)>0,1+$B$3,1)) | BQ40: =IF($B$1+66>90,BP40,(BP40+IF($B$1+66<=$B40,12*$B$7,-12*MAX(0,$B$6-IF($B$1+66>=$B$23,$B$22,0))*(1+$B$4)^66))*IF(BP40+IF($B$1+66<=$B40,12*$B$7,-12*MAX(0,$B$6-IF($B$1+66>=$B$23,$B$22,0))*(1+$B$4)^66)>0,1+$B$3,1)) | BR40: =IF($B$1+67>90,BQ40,(BQ40+IF($B$1+67<=$B40,12*$B$7,-12*MAX(0,$B$6-IF($B$1+67>=$B$23,$B$22,0))*(1+$B$4)^67))*IF(BQ40+IF($B$1+67<=$B40,12*$B$7,-12*MAX(0,$B$6-IF($B$1+67>=$B$23,$B$22,0))*(1+$B$4)^67)>0,1+$B$3,1)) | BS40: =IF($B$1+68>90,BR40,(BR40+IF($B$1+68<=$B40,12*$B$7,-12*MAX(0,$B$6-IF($B$1+68>=$B$23,$B$22,0))*(1+$B$4)^68))*IF(BR40+IF($B$1+68<=$B40,12*$B$7,-12*MAX(0,$B$6-IF($B$1+68>=$B$23,$B$22,0))*(1+$B$4)^68)>0,1+$B$3,1)) | BT40: =IF($B$1+69>90,BS40,(BS40+IF($B$1+69<=$B40,12*$B$7,-12*MAX(0,$B$6-IF($B$1+69>=$B$23,$B$22,0))*(1+$B$4)^69))*IF(BS40+IF($B$1+69<=$B40,12*$B$7,-12*MAX(0,$B$6-IF($B$1+69>=$B$23,$B$22,0))*(1+$B$4)^69)>0,1+$B$3,1)) | BU40: =IF($B$1+70>90,BT40,(BT40+IF($B$1+70<=$B40,12*$B$7,-12*MAX(0,$B$6-IF($B$1+70>=$B$23,$B$22,0))*(1+$B$4)^70))*IF(BT40+IF($B$1+70<=$B40,12*$B$7,-12*MAX(0,$B$6-IF($B$1+70>=$B$23,$B$22,0))*(1+$B$4)^70)>0,1+$B$3,1)) | BV40: =BU40 | BW40: =IF(AND($B40<=70,BV40>0),$B40,999) | CB40: 39 | CC40: =IF($B$1+CB40>90,0,12*MAX(0,$B$6-IF($B$1+CB40>=$B$23,$B$22,0))*(1+$B$4)^CB40/(1+$B$3)^(CB40-1)) | CE40: =IF($B$1+38>90,NA(),$B$1+38) | CF40: =IF(OR($B$21="",$B$1+38>90),NA(),INDEX($C$40:$BU$90,$B$21-$B$1+1,39)) | CH40: =IF(ISTEXT('월 가계부'!A40),SUBSTITUTE(SUBSTITUTE(SUBSTITUTE(SUBSTITUTE(SUBSTITUTE(SUBSTITUTE(SUBSTITUTE(SUBSTITUTE(SUBSTITUTE(TRIM('월 가계부'!A40),"년","-"),"월","-"),"일",""),".","-"),"/","-")," ","-"),"--","-"),"--","-"),"--","-")&"-","") | CI40: =IFERROR(IF('월 가계부'!A40="","",IF(ISNUMBER('월 가계부'!A40),IF(AND('월 가계부'!A40>=19000101,'월 가계부'!A40<=21001231),IF(AND(MOD(INT('월 가계부'!A40/100),100)>=1,MOD(INT('월 가계부'!A40/100),100)<=12,MOD(INT('월 가계부'!A40),100)>=1,MOD(INT('월 가계부'!A40),100)<=31),IF(MONTH(DATE(INT('월 가계부'!A40/10000),MOD(INT('월 가계부'!A40/100),100),MOD(INT('월 가계부'!A40),100)))=MOD(INT('월 가계부'!A40/100),100),DATE(INT('월 가계부'!A40/10000),MOD(INT('월 가계부'!A40/100),100),MOD(INT('월 가계부'!A40),100)),""),""),IF(AND('월 가계부'!A40>=36526,'월 가계부'!A40<73051),INT('월 가계부'!A40),"")),IF(OR(CM40="",CN40="",CO40=""),"",IF(AND(CM40>=2000,CM40<=2099,CN40>=1,CN40<=12,CO40>=1,CO40<=31),IF(MONTH(DATE(CM40,CN40,CO40))=CN40,DATE(CM40,CN40,CO40),""),"")))),"") | CJ40: =IFERROR(IF('월 가계부'!C40="","",IF(ISNUMBER('월 가계부'!C40),'월 가계부'!C40,VALUE(SUBSTITUTE(SUBSTITUTE(SUBSTITUTE(SUBSTITUTE(TRIM('월 가계부'!C40),",",""),"원","")," ",""),"−","-")))),"") | CK40: =IF(ISNUMBER(CI40),IF(CI40<$B$13,CI40,""),"") | CM40: =IF(CH40="","",IFERROR(IF(IF(AND(LEN(CH40)=9,ISERROR(FIND("-",LEFT(CH40,8))),ISNUMBER(-LEFT(CH40,8))),VALUE(LEFT(CH40,4)),VALUE(LEFT(CH40,FIND("-",CH40)-1)))<100,IF(AND(LEN(CH40)=9,ISERROR(FIND("-",LEFT(CH40,8))),ISNUMBER(-LEFT(CH40,8))),VALUE(LEFT(CH40,4)),VALUE(LEFT(CH40,FIND("-",CH40)-1)))+2000,IF(AND(LEN(CH40)=9,ISERROR(FIND("-",LEFT(CH40,8))),ISNUMBER(-LEFT(CH40,8))),VALUE(LEFT(CH40,4)),VALUE(LEFT(CH40,FIND("-",CH40)-1)))),"")) | CN40: =IF(CH40="","",IFERROR(IF(AND(LEN(CH40)=9,ISERROR(FIND("-",LEFT(CH40,8))),ISNUMBER(-LEFT(CH40,8))),VALUE(MID(CH40,5,2)),VALUE(MID(CH40,FIND("-",CH40)+1,FIND("-",CH40,FIND("-",CH40)+1)-FIND("-",CH40)-1))),"")) | CO40: =IF(CH40="","",IFERROR(IF(AND(LEN(CH40)=9,ISERROR(FIND("-",LEFT(CH40,8))),ISNUMBER(-LEFT(CH40,8))),VALUE(MID(CH40,7,2)),VALUE(MID(CH40,FIND("-",CH40,FIND("-",CH40)+1)+1,FIND("-",CH40,FIND("-",CH40,FIND("-",CH40)+1)+1)-FIND("-",CH40,FIND("-",CH40)+1)-1))),""))
A41: 1 | B41: =$B$1+1 | C41: =$B$2 | D41: =IF($B$1+1>90,C41,(C41+IF($B$1+1<=$B41,12*$B$7,-12*MAX(0,$B$6-IF($B$1+1>=$B$23,$B$22,0))*(1+$B$4)^1))*IF(C41+IF($B$1+1<=$B41,12*$B$7,-12*MAX(0,$B$6-IF($B$1+1>=$B$23,$B$22,0))*(1+$B$4)^1)>0,1+$B$3,1)) | E41: =IF($B$1+2>90,D41,(D41+IF($B$1+2<=$B41,12*$B$7,-12*MAX(0,$B$6-IF($B$1+2>=$B$23,$B$22,0))*(1+$B$4)^2))*IF(D41+IF($B$1+2<=$B41,12*$B$7,-12*MAX(0,$B$6-IF($B$1+2>=$B$23,$B$22,0))*(1+$B$4)^2)>0,1+$B$3,1)) | F41: =IF($B$1+3>90,E41,(E41+IF($B$1+3<=$B41,12*$B$7,-12*MAX(0,$B$6-IF($B$1+3>=$B$23,$B$22,0))*(1+$B$4)^3))*IF(E41+IF($B$1+3<=$B41,12*$B$7,-12*MAX(0,$B$6-IF($B$1+3>=$B$23,$B$22,0))*(1+$B$4)^3)>0,1+$B$3,1)) | G41: =IF($B$1+4>90,F41,(F41+IF($B$1+4<=$B41,12*$B$7,-12*MAX(0,$B$6-IF($B$1+4>=$B$23,$B$22,0))*(1+$B$4)^4))*IF(F41+IF($B$1+4<=$B41,12*$B$7,-12*MAX(0,$B$6-IF($B$1+4>=$B$23,$B$22,0))*(1+$B$4)^4)>0,1+$B$3,1)) | H41: =IF($B$1+5>90,G41,(G41+IF($B$1+5<=$B41,12*$B$7,-12*MAX(0,$B$6-IF($B$1+5>=$B$23,$B$22,0))*(1+$B$4)^5))*IF(G41+IF($B$1+5<=$B41,12*$B$7,-12*MAX(0,$B$6-IF($B$1+5>=$B$23,$B$22,0))*(1+$B$4)^5)>0,1+$B$3,1)) | I41: =IF($B$1+6>90,H41,(H41+IF($B$1+6<=$B41,12*$B$7,-12*MAX(0,$B$6-IF($B$1+6>=$B$23,$B$22,0))*(1+$B$4)^6))*IF(H41+IF($B$1+6<=$B41,12*$B$7,-12*MAX(0,$B$6-IF($B$1+6>=$B$23,$B$22,0))*(1+$B$4)^6)>0,1+$B$3,1)) | J41: =IF($B$1+7>90,I41,(I41+IF($B$1+7<=$B41,12*$B$7,-12*MAX(0,$B$6-IF($B$1+7>=$B$23,$B$22,0))*(1+$B$4)^7))*IF(I41+IF($B$1+7<=$B41,12*$B$7,-12*MAX(0,$B$6-IF($B$1+7>=$B$23,$B$22,0))*(1+$B$4)^7)>0,1+$B$3,1)) | K41: =IF($B$1+8>90,J41,(J41+IF($B$1+8<=$B41,12*$B$7,-12*MAX(0,$B$6-IF($B$1+8>=$B$23,$B$22,0))*(1+$B$4)^8))*IF(J41+IF($B$1+8<=$B41,12*$B$7,-12*MAX(0,$B$6-IF($B$1+8>=$B$23,$B$22,0))*(1+$B$4)^8)>0,1+$B$3,1)) | L41: =IF($B$1+9>90,K41,(K41+IF($B$1+9<=$B41,12*$B$7,-12*MAX(0,$B$6-IF($B$1+9>=$B$23,$B$22,0))*(1+$B$4)^9))*IF(K41+IF($B$1+9<=$B41,12*$B$7,-12*MAX(0,$B$6-IF($B$1+9>=$B$23,$B$22,0))*(1+$B$4)^9)>0,1+$B$3,1)) | M41: =IF($B$1+10>90,L41,(L41+IF($B$1+10<=$B41,12*$B$7,-12*MAX(0,$B$6-IF($B$1+10>=$B$23,$B$22,0))*(1+$B$4)^10))*IF(L41+IF($B$1+10<=$B41,12*$B$7,-12*MAX(0,$B$6-IF($B$1+10>=$B$23,$B$22,0))*(1+$B$4)^10)>0,1+$B$3,1)) | N41: =IF($B$1+11>90,M41,(M41+IF($B$1+11<=$B41,12*$B$7,-12*MAX(0,$B$6-IF($B$1+11>=$B$23,$B$22,0))*(1+$B$4)^11))*IF(M41+IF($B$1+11<=$B41,12*$B$7,-12*MAX(0,$B$6-IF($B$1+11>=$B$23,$B$22,0))*(1+$B$4)^11)>0,1+$B$3,1)) | O41: =IF($B$1+12>90,N41,(N41+IF($B$1+12<=$B41,12*$B$7,-12*MAX(0,$B$6-IF($B$1+12>=$B$23,$B$22,0))*(1+$B$4)^12))*IF(N41+IF($B$1+12<=$B41,12*$B$7,-12*MAX(0,$B$6-IF($B$1+12>=$B$23,$B$22,0))*(1+$B$4)^12)>0,1+$B$3,1)) | P41: =IF($B$1+13>90,O41,(O41+IF($B$1+13<=$B41,12*$B$7,-12*MAX(0,$B$6-IF($B$1+13>=$B$23,$B$22,0))*(1+$B$4)^13))*IF(O41+IF($B$1+13<=$B41,12*$B$7,-12*MAX(0,$B$6-IF($B$1+13>=$B$23,$B$22,0))*(1+$B$4)^13)>0,1+$B$3,1)) | Q41: =IF($B$1+14>90,P41,(P41+IF($B$1+14<=$B41,12*$B$7,-12*MAX(0,$B$6-IF($B$1+14>=$B$23,$B$22,0))*(1+$B$4)^14))*IF(P41+IF($B$1+14<=$B41,12*$B$7,-12*MAX(0,$B$6-IF($B$1+14>=$B$23,$B$22,0))*(1+$B$4)^14)>0,1+$B$3,1)) | R41: =IF($B$1+15>90,Q41,(Q41+IF($B$1+15<=$B41,12*$B$7,-12*MAX(0,$B$6-IF($B$1+15>=$B$23,$B$22,0))*(1+$B$4)^15))*IF(Q41+IF($B$1+15<=$B41,12*$B$7,-12*MAX(0,$B$6-IF($B$1+15>=$B$23,$B$22,0))*(1+$B$4)^15)>0,1+$B$3,1)) | S41: =IF($B$1+16>90,R41,(R41+IF($B$1+16<=$B41,12*$B$7,-12*MAX(0,$B$6-IF($B$1+16>=$B$23,$B$22,0))*(1+$B$4)^16))*IF(R41+IF($B$1+16<=$B41,12*$B$7,-12*MAX(0,$B$6-IF($B$1+16>=$B$23,$B$22,0))*(1+$B$4)^16)>0,1+$B$3,1)) | T41: =IF($B$1+17>90,S41,(S41+IF($B$1+17<=$B41,12*$B$7,-12*MAX(0,$B$6-IF($B$1+17>=$B$23,$B$22,0))*(1+$B$4)^17))*IF(S41+IF($B$1+17<=$B41,12*$B$7,-12*MAX(0,$B$6-IF($B$1+17>=$B$23,$B$22,0))*(1+$B$4)^17)>0,1+$B$3,1)) | U41: =IF($B$1+18>90,T41,(T41+IF($B$1+18<=$B41,12*$B$7,-12*MAX(0,$B$6-IF($B$1+18>=$B$23,$B$22,0))*(1+$B$4)^18))*IF(T41+IF($B$1+18<=$B41,12*$B$7,-12*MAX(0,$B$6-IF($B$1+18>=$B$23,$B$22,0))*(1+$B$4)^18)>0,1+$B$3,1)) | V41: =IF($B$1+19>90,U41,(U41+IF($B$1+19<=$B41,12*$B$7,-12*MAX(0,$B$6-IF($B$1+19>=$B$23,$B$22,0))*(1+$B$4)^19))*IF(U41+IF($B$1+19<=$B41,12*$B$7,-12*MAX(0,$B$6-IF($B$1+19>=$B$23,$B$22,0))*(1+$B$4)^19)>0,1+$B$3,1)) | W41: =IF($B$1+20>90,V41,(V41+IF($B$1+20<=$B41,12*$B$7,-12*MAX(0,$B$6-IF($B$1+20>=$B$23,$B$22,0))*(1+$B$4)^20))*IF(V41+IF($B$1+20<=$B41,12*$B$7,-12*MAX(0,$B$6-IF($B$1+20>=$B$23,$B$22,0))*(1+$B$4)^20)>0,1+$B$3,1)) | X41: =IF($B$1+21>90,W41,(W41+IF($B$1+21<=$B41,12*$B$7,-12*MAX(0,$B$6-IF($B$1+21>=$B$23,$B$22,0))*(1+$B$4)^21))*IF(W41+IF($B$1+21<=$B41,12*$B$7,-12*MAX(0,$B$6-IF($B$1+21>=$B$23,$B$22,0))*(1+$B$4)^21)>0,1+$B$3,1)) | Y41: =IF($B$1+22>90,X41,(X41+IF($B$1+22<=$B41,12*$B$7,-12*MAX(0,$B$6-IF($B$1+22>=$B$23,$B$22,0))*(1+$B$4)^22))*IF(X41+IF($B$1+22<=$B41,12*$B$7,-12*MAX(0,$B$6-IF($B$1+22>=$B$23,$B$22,0))*(1+$B$4)^22)>0,1+$B$3,1)) | Z41: =IF($B$1+23>90,Y41,(Y41+IF($B$1+23<=$B41,12*$B$7,-12*MAX(0,$B$6-IF($B$1+23>=$B$23,$B$22,0))*(1+$B$4)^23))*IF(Y41+IF($B$1+23<=$B41,12*$B$7,-12*MAX(0,$B$6-IF($B$1+23>=$B$23,$B$22,0))*(1+$B$4)^23)>0,1+$B$3,1)) | AA41: =IF($B$1+24>90,Z41,(Z41+IF($B$1+24<=$B41,12*$B$7,-12*MAX(0,$B$6-IF($B$1+24>=$B$23,$B$22,0))*(1+$B$4)^24))*IF(Z41+IF($B$1+24<=$B41,12*$B$7,-12*MAX(0,$B$6-IF($B$1+24>=$B$23,$B$22,0))*(1+$B$4)^24)>0,1+$B$3,1)) | AB41: =IF($B$1+25>90,AA41,(AA41+IF($B$1+25<=$B41,12*$B$7,-12*MAX(0,$B$6-IF($B$1+25>=$B$23,$B$22,0))*(1+$B$4)^25))*IF(AA41+IF($B$1+25<=$B41,12*$B$7,-12*MAX(0,$B$6-IF($B$1+25>=$B$23,$B$22,0))*(1+$B$4)^25)>0,1+$B$3,1)) | AC41: =IF($B$1+26>90,AB41,(AB41+IF($B$1+26<=$B41,12*$B$7,-12*MAX(0,$B$6-IF($B$1+26>=$B$23,$B$22,0))*(1+$B$4)^26))*IF(AB41+IF($B$1+26<=$B41,12*$B$7,-12*MAX(0,$B$6-IF($B$1+26>=$B$23,$B$22,0))*(1+$B$4)^26)>0,1+$B$3,1)) | AD41: =IF($B$1+27>90,AC41,(AC41+IF($B$1+27<=$B41,12*$B$7,-12*MAX(0,$B$6-IF($B$1+27>=$B$23,$B$22,0))*(1+$B$4)^27))*IF(AC41+IF($B$1+27<=$B41,12*$B$7,-12*MAX(0,$B$6-IF($B$1+27>=$B$23,$B$22,0))*(1+$B$4)^27)>0,1+$B$3,1)) | AE41: =IF($B$1+28>90,AD41,(AD41+IF($B$1+28<=$B41,12*$B$7,-12*MAX(0,$B$6-IF($B$1+28>=$B$23,$B$22,0))*(1+$B$4)^28))*IF(AD41+IF($B$1+28<=$B41,12*$B$7,-12*MAX(0,$B$6-IF($B$1+28>=$B$23,$B$22,0))*(1+$B$4)^28)>0,1+$B$3,1)) | AF41: =IF($B$1+29>90,AE41,(AE41+IF($B$1+29<=$B41,12*$B$7,-12*MAX(0,$B$6-IF($B$1+29>=$B$23,$B$22,0))*(1+$B$4)^29))*IF(AE41+IF($B$1+29<=$B41,12*$B$7,-12*MAX(0,$B$6-IF($B$1+29>=$B$23,$B$22,0))*(1+$B$4)^29)>0,1+$B$3,1)) | AG41: =IF($B$1+30>90,AF41,(AF41+IF($B$1+30<=$B41,12*$B$7,-12*MAX(0,$B$6-IF($B$1+30>=$B$23,$B$22,0))*(1+$B$4)^30))*IF(AF41+IF($B$1+30<=$B41,12*$B$7,-12*MAX(0,$B$6-IF($B$1+30>=$B$23,$B$22,0))*(1+$B$4)^30)>0,1+$B$3,1)) | AH41: =IF($B$1+31>90,AG41,(AG41+IF($B$1+31<=$B41,12*$B$7,-12*MAX(0,$B$6-IF($B$1+31>=$B$23,$B$22,0))*(1+$B$4)^31))*IF(AG41+IF($B$1+31<=$B41,12*$B$7,-12*MAX(0,$B$6-IF($B$1+31>=$B$23,$B$22,0))*(1+$B$4)^31)>0,1+$B$3,1)) | AI41: =IF($B$1+32>90,AH41,(AH41+IF($B$1+32<=$B41,12*$B$7,-12*MAX(0,$B$6-IF($B$1+32>=$B$23,$B$22,0))*(1+$B$4)^32))*IF(AH41+IF($B$1+32<=$B41,12*$B$7,-12*MAX(0,$B$6-IF($B$1+32>=$B$23,$B$22,0))*(1+$B$4)^32)>0,1+$B$3,1)) | AJ41: =IF($B$1+33>90,AI41,(AI41+IF($B$1+33<=$B41,12*$B$7,-12*MAX(0,$B$6-IF($B$1+33>=$B$23,$B$22,0))*(1+$B$4)^33))*IF(AI41+IF($B$1+33<=$B41,12*$B$7,-12*MAX(0,$B$6-IF($B$1+33>=$B$23,$B$22,0))*(1+$B$4)^33)>0,1+$B$3,1)) | AK41: =IF($B$1+34>90,AJ41,(AJ41+IF($B$1+34<=$B41,12*$B$7,-12*MAX(0,$B$6-IF($B$1+34>=$B$23,$B$22,0))*(1+$B$4)^34))*IF(AJ41+IF($B$1+34<=$B41,12*$B$7,-12*MAX(0,$B$6-IF($B$1+34>=$B$23,$B$22,0))*(1+$B$4)^34)>0,1+$B$3,1)) | AL41: =IF($B$1+35>90,AK41,(AK41+IF($B$1+35<=$B41,12*$B$7,-12*MAX(0,$B$6-IF($B$1+35>=$B$23,$B$22,0))*(1+$B$4)^35))*IF(AK41+IF($B$1+35<=$B41,12*$B$7,-12*MAX(0,$B$6-IF($B$1+35>=$B$23,$B$22,0))*(1+$B$4)^35)>0,1+$B$3,1)) | AM41: =IF($B$1+36>90,AL41,(AL41+IF($B$1+36<=$B41,12*$B$7,-12*MAX(0,$B$6-IF($B$1+36>=$B$23,$B$22,0))*(1+$B$4)^36))*IF(AL41+IF($B$1+36<=$B41,12*$B$7,-12*MAX(0,$B$6-IF($B$1+36>=$B$23,$B$22,0))*(1+$B$4)^36)>0,1+$B$3,1)) | AN41: =IF($B$1+37>90,AM41,(AM41+IF($B$1+37<=$B41,12*$B$7,-12*MAX(0,$B$6-IF($B$1+37>=$B$23,$B$22,0))*(1+$B$4)^37))*IF(AM41+IF($B$1+37<=$B41,12*$B$7,-12*MAX(0,$B$6-IF($B$1+37>=$B$23,$B$22,0))*(1+$B$4)^37)>0,1+$B$3,1)) | AO41: =IF($B$1+38>90,AN41,(AN41+IF($B$1+38<=$B41,12*$B$7,-12*MAX(0,$B$6-IF($B$1+38>=$B$23,$B$22,0))*(1+$B$4)^38))*IF(AN41+IF($B$1+38<=$B41,12*$B$7,-12*MAX(0,$B$6-IF($B$1+38>=$B$23,$B$22,0))*(1+$B$4)^38)>0,1+$B$3,1)) | AP41: =IF($B$1+39>90,AO41,(AO41+IF($B$1+39<=$B41,12*$B$7,-12*MAX(0,$B$6-IF($B$1+39>=$B$23,$B$22,0))*(1+$B$4)^39))*IF(AO41+IF($B$1+39<=$B41,12*$B$7,-12*MAX(0,$B$6-IF($B$1+39>=$B$23,$B$22,0))*(1+$B$4)^39)>0,1+$B$3,1)) | AQ41: =IF($B$1+40>90,AP41,(AP41+IF($B$1+40<=$B41,12*$B$7,-12*MAX(0,$B$6-IF($B$1+40>=$B$23,$B$22,0))*(1+$B$4)^40))*IF(AP41+IF($B$1+40<=$B41,12*$B$7,-12*MAX(0,$B$6-IF($B$1+40>=$B$23,$B$22,0))*(1+$B$4)^40)>0,1+$B$3,1)) | AR41: =IF($B$1+41>90,AQ41,(AQ41+IF($B$1+41<=$B41,12*$B$7,-12*MAX(0,$B$6-IF($B$1+41>=$B$23,$B$22,0))*(1+$B$4)^41))*IF(AQ41+IF($B$1+41<=$B41,12*$B$7,-12*MAX(0,$B$6-IF($B$1+41>=$B$23,$B$22,0))*(1+$B$4)^41)>0,1+$B$3,1)) | AS41: =IF($B$1+42>90,AR41,(AR41+IF($B$1+42<=$B41,12*$B$7,-12*MAX(0,$B$6-IF($B$1+42>=$B$23,$B$22,0))*(1+$B$4)^42))*IF(AR41+IF($B$1+42<=$B41,12*$B$7,-12*MAX(0,$B$6-IF($B$1+42>=$B$23,$B$22,0))*(1+$B$4)^42)>0,1+$B$3,1)) | AT41: =IF($B$1+43>90,AS41,(AS41+IF($B$1+43<=$B41,12*$B$7,-12*MAX(0,$B$6-IF($B$1+43>=$B$23,$B$22,0))*(1+$B$4)^43))*IF(AS41+IF($B$1+43<=$B41,12*$B$7,-12*MAX(0,$B$6-IF($B$1+43>=$B$23,$B$22,0))*(1+$B$4)^43)>0,1+$B$3,1)) | AU41: =IF($B$1+44>90,AT41,(AT41+IF($B$1+44<=$B41,12*$B$7,-12*MAX(0,$B$6-IF($B$1+44>=$B$23,$B$22,0))*(1+$B$4)^44))*IF(AT41+IF($B$1+44<=$B41,12*$B$7,-12*MAX(0,$B$6-IF($B$1+44>=$B$23,$B$22,0))*(1+$B$4)^44)>0,1+$B$3,1)) | AV41: =IF($B$1+45>90,AU41,(AU41+IF($B$1+45<=$B41,12*$B$7,-12*MAX(0,$B$6-IF($B$1+45>=$B$23,$B$22,0))*(1+$B$4)^45))*IF(AU41+IF($B$1+45<=$B41,12*$B$7,-12*MAX(0,$B$6-IF($B$1+45>=$B$23,$B$22,0))*(1+$B$4)^45)>0,1+$B$3,1)) | AW41: =IF($B$1+46>90,AV41,(AV41+IF($B$1+46<=$B41,12*$B$7,-12*MAX(0,$B$6-IF($B$1+46>=$B$23,$B$22,0))*(1+$B$4)^46))*IF(AV41+IF($B$1+46<=$B41,12*$B$7,-12*MAX(0,$B$6-IF($B$1+46>=$B$23,$B$22,0))*(1+$B$4)^46)>0,1+$B$3,1)) | AX41: =IF($B$1+47>90,AW41,(AW41+IF($B$1+47<=$B41,12*$B$7,-12*MAX(0,$B$6-IF($B$1+47>=$B$23,$B$22,0))*(1+$B$4)^47))*IF(AW41+IF($B$1+47<=$B41,12*$B$7,-12*MAX(0,$B$6-IF($B$1+47>=$B$23,$B$22,0))*(1+$B$4)^47)>0,1+$B$3,1)) | AY41: =IF($B$1+48>90,AX41,(AX41+IF($B$1+48<=$B41,12*$B$7,-12*MAX(0,$B$6-IF($B$1+48>=$B$23,$B$22,0))*(1+$B$4)^48))*IF(AX41+IF($B$1+48<=$B41,12*$B$7,-12*MAX(0,$B$6-IF($B$1+48>=$B$23,$B$22,0))*(1+$B$4)^48)>0,1+$B$3,1)) | AZ41: =IF($B$1+49>90,AY41,(AY41+IF($B$1+49<=$B41,12*$B$7,-12*MAX(0,$B$6-IF($B$1+49>=$B$23,$B$22,0))*(1+$B$4)^49))*IF(AY41+IF($B$1+49<=$B41,12*$B$7,-12*MAX(0,$B$6-IF($B$1+49>=$B$23,$B$22,0))*(1+$B$4)^49)>0,1+$B$3,1)) | BA41: =IF($B$1+50>90,AZ41,(AZ41+IF($B$1+50<=$B41,12*$B$7,-12*MAX(0,$B$6-IF($B$1+50>=$B$23,$B$22,0))*(1+$B$4)^50))*IF(AZ41+IF($B$1+50<=$B41,12*$B$7,-12*MAX(0,$B$6-IF($B$1+50>=$B$23,$B$22,0))*(1+$B$4)^50)>0,1+$B$3,1)) | BB41: =IF($B$1+51>90,BA41,(BA41+IF($B$1+51<=$B41,12*$B$7,-12*MAX(0,$B$6-IF($B$1+51>=$B$23,$B$22,0))*(1+$B$4)^51))*IF(BA41+IF($B$1+51<=$B41,12*$B$7,-12*MAX(0,$B$6-IF($B$1+51>=$B$23,$B$22,0))*(1+$B$4)^51)>0,1+$B$3,1)) | BC41: =IF($B$1+52>90,BB41,(BB41+IF($B$1+52<=$B41,12*$B$7,-12*MAX(0,$B$6-IF($B$1+52>=$B$23,$B$22,0))*(1+$B$4)^52))*IF(BB41+IF($B$1+52<=$B41,12*$B$7,-12*MAX(0,$B$6-IF($B$1+52>=$B$23,$B$22,0))*(1+$B$4)^52)>0,1+$B$3,1)) | BD41: =IF($B$1+53>90,BC41,(BC41+IF($B$1+53<=$B41,12*$B$7,-12*MAX(0,$B$6-IF($B$1+53>=$B$23,$B$22,0))*(1+$B$4)^53))*IF(BC41+IF($B$1+53<=$B41,12*$B$7,-12*MAX(0,$B$6-IF($B$1+53>=$B$23,$B$22,0))*(1+$B$4)^53)>0,1+$B$3,1)) | BE41: =IF($B$1+54>90,BD41,(BD41+IF($B$1+54<=$B41,12*$B$7,-12*MAX(0,$B$6-IF($B$1+54>=$B$23,$B$22,0))*(1+$B$4)^54))*IF(BD41+IF($B$1+54<=$B41,12*$B$7,-12*MAX(0,$B$6-IF($B$1+54>=$B$23,$B$22,0))*(1+$B$4)^54)>0,1+$B$3,1)) | BF41: =IF($B$1+55>90,BE41,(BE41+IF($B$1+55<=$B41,12*$B$7,-12*MAX(0,$B$6-IF($B$1+55>=$B$23,$B$22,0))*(1+$B$4)^55))*IF(BE41+IF($B$1+55<=$B41,12*$B$7,-12*MAX(0,$B$6-IF($B$1+55>=$B$23,$B$22,0))*(1+$B$4)^55)>0,1+$B$3,1)) | BG41: =IF($B$1+56>90,BF41,(BF41+IF($B$1+56<=$B41,12*$B$7,-12*MAX(0,$B$6-IF($B$1+56>=$B$23,$B$22,0))*(1+$B$4)^56))*IF(BF41+IF($B$1+56<=$B41,12*$B$7,-12*MAX(0,$B$6-IF($B$1+56>=$B$23,$B$22,0))*(1+$B$4)^56)>0,1+$B$3,1)) | BH41: =IF($B$1+57>90,BG41,(BG41+IF($B$1+57<=$B41,12*$B$7,-12*MAX(0,$B$6-IF($B$1+57>=$B$23,$B$22,0))*(1+$B$4)^57))*IF(BG41+IF($B$1+57<=$B41,12*$B$7,-12*MAX(0,$B$6-IF($B$1+57>=$B$23,$B$22,0))*(1+$B$4)^57)>0,1+$B$3,1)) | BI41: =IF($B$1+58>90,BH41,(BH41+IF($B$1+58<=$B41,12*$B$7,-12*MAX(0,$B$6-IF($B$1+58>=$B$23,$B$22,0))*(1+$B$4)^58))*IF(BH41+IF($B$1+58<=$B41,12*$B$7,-12*MAX(0,$B$6-IF($B$1+58>=$B$23,$B$22,0))*(1+$B$4)^58)>0,1+$B$3,1)) | BJ41: =IF($B$1+59>90,BI41,(BI41+IF($B$1+59<=$B41,12*$B$7,-12*MAX(0,$B$6-IF($B$1+59>=$B$23,$B$22,0))*(1+$B$4)^59))*IF(BI41+IF($B$1+59<=$B41,12*$B$7,-12*MAX(0,$B$6-IF($B$1+59>=$B$23,$B$22,0))*(1+$B$4)^59)>0,1+$B$3,1)) | BK41: =IF($B$1+60>90,BJ41,(BJ41+IF($B$1+60<=$B41,12*$B$7,-12*MAX(0,$B$6-IF($B$1+60>=$B$23,$B$22,0))*(1+$B$4)^60))*IF(BJ41+IF($B$1+60<=$B41,12*$B$7,-12*MAX(0,$B$6-IF($B$1+60>=$B$23,$B$22,0))*(1+$B$4)^60)>0,1+$B$3,1)) | BL41: =IF($B$1+61>90,BK41,(BK41+IF($B$1+61<=$B41,12*$B$7,-12*MAX(0,$B$6-IF($B$1+61>=$B$23,$B$22,0))*(1+$B$4)^61))*IF(BK41+IF($B$1+61<=$B41,12*$B$7,-12*MAX(0,$B$6-IF($B$1+61>=$B$23,$B$22,0))*(1+$B$4)^61)>0,1+$B$3,1)) | BM41: =IF($B$1+62>90,BL41,(BL41+IF($B$1+62<=$B41,12*$B$7,-12*MAX(0,$B$6-IF($B$1+62>=$B$23,$B$22,0))*(1+$B$4)^62))*IF(BL41+IF($B$1+62<=$B41,12*$B$7,-12*MAX(0,$B$6-IF($B$1+62>=$B$23,$B$22,0))*(1+$B$4)^62)>0,1+$B$3,1)) | BN41: =IF($B$1+63>90,BM41,(BM41+IF($B$1+63<=$B41,12*$B$7,-12*MAX(0,$B$6-IF($B$1+63>=$B$23,$B$22,0))*(1+$B$4)^63))*IF(BM41+IF($B$1+63<=$B41,12*$B$7,-12*MAX(0,$B$6-IF($B$1+63>=$B$23,$B$22,0))*(1+$B$4)^63)>0,1+$B$3,1)) | BO41: =IF($B$1+64>90,BN41,(BN41+IF($B$1+64<=$B41,12*$B$7,-12*MAX(0,$B$6-IF($B$1+64>=$B$23,$B$22,0))*(1+$B$4)^64))*IF(BN41+IF($B$1+64<=$B41,12*$B$7,-12*MAX(0,$B$6-IF($B$1+64>=$B$23,$B$22,0))*(1+$B$4)^64)>0,1+$B$3,1)) | BP41: =IF($B$1+65>90,BO41,(BO41+IF($B$1+65<=$B41,12*$B$7,-12*MAX(0,$B$6-IF($B$1+65>=$B$23,$B$22,0))*(1+$B$4)^65))*IF(BO41+IF($B$1+65<=$B41,12*$B$7,-12*MAX(0,$B$6-IF($B$1+65>=$B$23,$B$22,0))*(1+$B$4)^65)>0,1+$B$3,1)) | BQ41: =IF($B$1+66>90,BP41,(BP41+IF($B$1+66<=$B41,12*$B$7,-12*MAX(0,$B$6-IF($B$1+66>=$B$23,$B$22,0))*(1+$B$4)^66))*IF(BP41+IF($B$1+66<=$B41,12*$B$7,-12*MAX(0,$B$6-IF($B$1+66>=$B$23,$B$22,0))*(1+$B$4)^66)>0,1+$B$3,1)) | BR41: =IF($B$1+67>90,BQ41,(BQ41+IF($B$1+67<=$B41,12*$B$7,-12*MAX(0,$B$6-IF($B$1+67>=$B$23,$B$22,0))*(1+$B$4)^67))*IF(BQ41+IF($B$1+67<=$B41,12*$B$7,-12*MAX(0,$B$6-IF($B$1+67>=$B$23,$B$22,0))*(1+$B$4)^67)>0,1+$B$3,1)) | BS41: =IF($B$1+68>90,BR41,(BR41+IF($B$1+68<=$B41,12*$B$7,-12*MAX(0,$B$6-IF($B$1+68>=$B$23,$B$22,0))*(1+$B$4)^68))*IF(BR41+IF($B$1+68<=$B41,12*$B$7,-12*MAX(0,$B$6-IF($B$1+68>=$B$23,$B$22,0))*(1+$B$4)^68)>0,1+$B$3,1)) | BT41: =IF($B$1+69>90,BS41,(BS41+IF($B$1+69<=$B41,12*$B$7,-12*MAX(0,$B$6-IF($B$1+69>=$B$23,$B$22,0))*(1+$B$4)^69))*IF(BS41+IF($B$1+69<=$B41,12*$B$7,-12*MAX(0,$B$6-IF($B$1+69>=$B$23,$B$22,0))*(1+$B$4)^69)>0,1+$B$3,1)) | BU41: =IF($B$1+70>90,BT41,(BT41+IF($B$1+70<=$B41,12*$B$7,-12*MAX(0,$B$6-IF($B$1+70>=$B$23,$B$22,0))*(1+$B$4)^70))*IF(BT41+IF($B$1+70<=$B41,12*$B$7,-12*MAX(0,$B$6-IF($B$1+70>=$B$23,$B$22,0))*(1+$B$4)^70)>0,1+$B$3,1)) | BV41: =BU41 | BW41: =IF(AND($B41<=70,BV41>0),$B41,999) | CB41: 40 | CC41: =IF($B$1+CB41>90,0,12*MAX(0,$B$6-IF($B$1+CB41>=$B$23,$B$22,0))*(1+$B$4)^CB41/(1+$B$3)^(CB41-1)) | CE41: =IF($B$1+39>90,NA(),$B$1+39) | CF41: =IF(OR($B$21="",$B$1+39>90),NA(),INDEX($C$40:$BU$90,$B$21-$B$1+1,40)) | CH41: =IF(ISTEXT('월 가계부'!A41),SUBSTITUTE(SUBSTITUTE(SUBSTITUTE(SUBSTITUTE(SUBSTITUTE(SUBSTITUTE(SUBSTITUTE(SUBSTITUTE(SUBSTITUTE(TRIM('월 가계부'!A41),"년","-"),"월","-"),"일",""),".","-"),"/","-")," ","-"),"--","-"),"--","-"),"--","-")&"-","") | CI41: =IFERROR(IF('월 가계부'!A41="","",IF(ISNUMBER('월 가계부'!A41),IF(AND('월 가계부'!A41>=19000101,'월 가계부'!A41<=21001231),IF(AND(MOD(INT('월 가계부'!A41/100),100)>=1,MOD(INT('월 가계부'!A41/100),100)<=12,MOD(INT('월 가계부'!A41),100)>=1,MOD(INT('월 가계부'!A41),100)<=31),IF(MONTH(DATE(INT('월 가계부'!A41/10000),MOD(INT('월 가계부'!A41/100),100),MOD(INT('월 가계부'!A41),100)))=MOD(INT('월 가계부'!A41/100),100),DATE(INT('월 가계부'!A41/10000),MOD(INT('월 가계부'!A41/100),100),MOD(INT('월 가계부'!A41),100)),""),""),IF(AND('월 가계부'!A41>=36526,'월 가계부'!A41<73051),INT('월 가계부'!A41),"")),IF(OR(CM41="",CN41="",CO41=""),"",IF(AND(CM41>=2000,CM41<=2099,CN41>=1,CN41<=12,CO41>=1,CO41<=31),IF(MONTH(DATE(CM41,CN41,CO41))=CN41,DATE(CM41,CN41,CO41),""),"")))),"") | CJ41: =IFERROR(IF('월 가계부'!C41="","",IF(ISNUMBER('월 가계부'!C41),'월 가계부'!C41,VALUE(SUBSTITUTE(SUBSTITUTE(SUBSTITUTE(SUBSTITUTE(TRIM('월 가계부'!C41),",",""),"원","")," ",""),"−","-")))),"") | CK41: =IF(ISNUMBER(CI41),IF(CI41<$B$13,CI41,""),"") | CM41: =IF(CH41="","",IFERROR(IF(IF(AND(LEN(CH41)=9,ISERROR(FIND("-",LEFT(CH41,8))),ISNUMBER(-LEFT(CH41,8))),VALUE(LEFT(CH41,4)),VALUE(LEFT(CH41,FIND("-",CH41)-1)))<100,IF(AND(LEN(CH41)=9,ISERROR(FIND("-",LEFT(CH41,8))),ISNUMBER(-LEFT(CH41,8))),VALUE(LEFT(CH41,4)),VALUE(LEFT(CH41,FIND("-",CH41)-1)))+2000,IF(AND(LEN(CH41)=9,ISERROR(FIND("-",LEFT(CH41,8))),ISNUMBER(-LEFT(CH41,8))),VALUE(LEFT(CH41,4)),VALUE(LEFT(CH41,FIND("-",CH41)-1)))),"")) | CN41: =IF(CH41="","",IFERROR(IF(AND(LEN(CH41)=9,ISERROR(FIND("-",LEFT(CH41,8))),ISNUMBER(-LEFT(CH41,8))),VALUE(MID(CH41,5,2)),VALUE(MID(CH41,FIND("-",CH41)+1,FIND("-",CH41,FIND("-",CH41)+1)-FIND("-",CH41)-1))),"")) | CO41: =IF(CH41="","",IFERROR(IF(AND(LEN(CH41)=9,ISERROR(FIND("-",LEFT(CH41,8))),ISNUMBER(-LEFT(CH41,8))),VALUE(MID(CH41,7,2)),VALUE(MID(CH41,FIND("-",CH41,FIND("-",CH41)+1)+1,FIND("-",CH41,FIND("-",CH41,FIND("-",CH41)+1)+1)-FIND("-",CH41,FIND("-",CH41)+1)-1))),""))
A42: 2 | B42: =$B$1+2 | C42: =$B$2 | D42: =IF($B$1+1>90,C42,(C42+IF($B$1+1<=$B42,12*$B$7,-12*MAX(0,$B$6-IF($B$1+1>=$B$23,$B$22,0))*(1+$B$4)^1))*IF(C42+IF($B$1+1<=$B42,12*$B$7,-12*MAX(0,$B$6-IF($B$1+1>=$B$23,$B$22,0))*(1+$B$4)^1)>0,1+$B$3,1)) | E42: =IF($B$1+2>90,D42,(D42+IF($B$1+2<=$B42,12*$B$7,-12*MAX(0,$B$6-IF($B$1+2>=$B$23,$B$22,0))*(1+$B$4)^2))*IF(D42+IF($B$1+2<=$B42,12*$B$7,-12*MAX(0,$B$6-IF($B$1+2>=$B$23,$B$22,0))*(1+$B$4)^2)>0,1+$B$3,1)) | F42: =IF($B$1+3>90,E42,(E42+IF($B$1+3<=$B42,12*$B$7,-12*MAX(0,$B$6-IF($B$1+3>=$B$23,$B$22,0))*(1+$B$4)^3))*IF(E42+IF($B$1+3<=$B42,12*$B$7,-12*MAX(0,$B$6-IF($B$1+3>=$B$23,$B$22,0))*(1+$B$4)^3)>0,1+$B$3,1)) | G42: =IF($B$1+4>90,F42,(F42+IF($B$1+4<=$B42,12*$B$7,-12*MAX(0,$B$6-IF($B$1+4>=$B$23,$B$22,0))*(1+$B$4)^4))*IF(F42+IF($B$1+4<=$B42,12*$B$7,-12*MAX(0,$B$6-IF($B$1+4>=$B$23,$B$22,0))*(1+$B$4)^4)>0,1+$B$3,1)) | H42: =IF($B$1+5>90,G42,(G42+IF($B$1+5<=$B42,12*$B$7,-12*MAX(0,$B$6-IF($B$1+5>=$B$23,$B$22,0))*(1+$B$4)^5))*IF(G42+IF($B$1+5<=$B42,12*$B$7,-12*MAX(0,$B$6-IF($B$1+5>=$B$23,$B$22,0))*(1+$B$4)^5)>0,1+$B$3,1)) | I42: =IF($B$1+6>90,H42,(H42+IF($B$1+6<=$B42,12*$B$7,-12*MAX(0,$B$6-IF($B$1+6>=$B$23,$B$22,0))*(1+$B$4)^6))*IF(H42+IF($B$1+6<=$B42,12*$B$7,-12*MAX(0,$B$6-IF($B$1+6>=$B$23,$B$22,0))*(1+$B$4)^6)>0,1+$B$3,1)) | J42: =IF($B$1+7>90,I42,(I42+IF($B$1+7<=$B42,12*$B$7,-12*MAX(0,$B$6-IF($B$1+7>=$B$23,$B$22,0))*(1+$B$4)^7))*IF(I42+IF($B$1+7<=$B42,12*$B$7,-12*MAX(0,$B$6-IF($B$1+7>=$B$23,$B$22,0))*(1+$B$4)^7)>0,1+$B$3,1)) | K42: =IF($B$1+8>90,J42,(J42+IF($B$1+8<=$B42,12*$B$7,-12*MAX(0,$B$6-IF($B$1+8>=$B$23,$B$22,0))*(1+$B$4)^8))*IF(J42+IF($B$1+8<=$B42,12*$B$7,-12*MAX(0,$B$6-IF($B$1+8>=$B$23,$B$22,0))*(1+$B$4)^8)>0,1+$B$3,1)) | L42: =IF($B$1+9>90,K42,(K42+IF($B$1+9<=$B42,12*$B$7,-12*MAX(0,$B$6-IF($B$1+9>=$B$23,$B$22,0))*(1+$B$4)^9))*IF(K42+IF($B$1+9<=$B42,12*$B$7,-12*MAX(0,$B$6-IF($B$1+9>=$B$23,$B$22,0))*(1+$B$4)^9)>0,1+$B$3,1)) | M42: =IF($B$1+10>90,L42,(L42+IF($B$1+10<=$B42,12*$B$7,-12*MAX(0,$B$6-IF($B$1+10>=$B$23,$B$22,0))*(1+$B$4)^10))*IF(L42+IF($B$1+10<=$B42,12*$B$7,-12*MAX(0,$B$6-IF($B$1+10>=$B$23,$B$22,0))*(1+$B$4)^10)>0,1+$B$3,1)) | N42: =IF($B$1+11>90,M42,(M42+IF($B$1+11<=$B42,12*$B$7,-12*MAX(0,$B$6-IF($B$1+11>=$B$23,$B$22,0))*(1+$B$4)^11))*IF(M42+IF($B$1+11<=$B42,12*$B$7,-12*MAX(0,$B$6-IF($B$1+11>=$B$23,$B$22,0))*(1+$B$4)^11)>0,1+$B$3,1)) | O42: =IF($B$1+12>90,N42,(N42+IF($B$1+12<=$B42,12*$B$7,-12*MAX(0,$B$6-IF($B$1+12>=$B$23,$B$22,0))*(1+$B$4)^12))*IF(N42+IF($B$1+12<=$B42,12*$B$7,-12*MAX(0,$B$6-IF($B$1+12>=$B$23,$B$22,0))*(1+$B$4)^12)>0,1+$B$3,1)) | P42: =IF($B$1+13>90,O42,(O42+IF($B$1+13<=$B42,12*$B$7,-12*MAX(0,$B$6-IF($B$1+13>=$B$23,$B$22,0))*(1+$B$4)^13))*IF(O42+IF($B$1+13<=$B42,12*$B$7,-12*MAX(0,$B$6-IF($B$1+13>=$B$23,$B$22,0))*(1+$B$4)^13)>0,1+$B$3,1)) | Q42: =IF($B$1+14>90,P42,(P42+IF($B$1+14<=$B42,12*$B$7,-12*MAX(0,$B$6-IF($B$1+14>=$B$23,$B$22,0))*(1+$B$4)^14))*IF(P42+IF($B$1+14<=$B42,12*$B$7,-12*MAX(0,$B$6-IF($B$1+14>=$B$23,$B$22,0))*(1+$B$4)^14)>0,1+$B$3,1)) | R42: =IF($B$1+15>90,Q42,(Q42+IF($B$1+15<=$B42,12*$B$7,-12*MAX(0,$B$6-IF($B$1+15>=$B$23,$B$22,0))*(1+$B$4)^15))*IF(Q42+IF($B$1+15<=$B42,12*$B$7,-12*MAX(0,$B$6-IF($B$1+15>=$B$23,$B$22,0))*(1+$B$4)^15)>0,1+$B$3,1)) | S42: =IF($B$1+16>90,R42,(R42+IF($B$1+16<=$B42,12*$B$7,-12*MAX(0,$B$6-IF($B$1+16>=$B$23,$B$22,0))*(1+$B$4)^16))*IF(R42+IF($B$1+16<=$B42,12*$B$7,-12*MAX(0,$B$6-IF($B$1+16>=$B$23,$B$22,0))*(1+$B$4)^16)>0,1+$B$3,1)) | T42: =IF($B$1+17>90,S42,(S42+IF($B$1+17<=$B42,12*$B$7,-12*MAX(0,$B$6-IF($B$1+17>=$B$23,$B$22,0))*(1+$B$4)^17))*IF(S42+IF($B$1+17<=$B42,12*$B$7,-12*MAX(0,$B$6-IF($B$1+17>=$B$23,$B$22,0))*(1+$B$4)^17)>0,1+$B$3,1)) | U42: =IF($B$1+18>90,T42,(T42+IF($B$1+18<=$B42,12*$B$7,-12*MAX(0,$B$6-IF($B$1+18>=$B$23,$B$22,0))*(1+$B$4)^18))*IF(T42+IF($B$1+18<=$B42,12*$B$7,-12*MAX(0,$B$6-IF($B$1+18>=$B$23,$B$22,0))*(1+$B$4)^18)>0,1+$B$3,1)) | V42: =IF($B$1+19>90,U42,(U42+IF($B$1+19<=$B42,12*$B$7,-12*MAX(0,$B$6-IF($B$1+19>=$B$23,$B$22,0))*(1+$B$4)^19))*IF(U42+IF($B$1+19<=$B42,12*$B$7,-12*MAX(0,$B$6-IF($B$1+19>=$B$23,$B$22,0))*(1+$B$4)^19)>0,1+$B$3,1)) | W42: =IF($B$1+20>90,V42,(V42+IF($B$1+20<=$B42,12*$B$7,-12*MAX(0,$B$6-IF($B$1+20>=$B$23,$B$22,0))*(1+$B$4)^20))*IF(V42+IF($B$1+20<=$B42,12*$B$7,-12*MAX(0,$B$6-IF($B$1+20>=$B$23,$B$22,0))*(1+$B$4)^20)>0,1+$B$3,1)) | X42: =IF($B$1+21>90,W42,(W42+IF($B$1+21<=$B42,12*$B$7,-12*MAX(0,$B$6-IF($B$1+21>=$B$23,$B$22,0))*(1+$B$4)^21))*IF(W42+IF($B$1+21<=$B42,12*$B$7,-12*MAX(0,$B$6-IF($B$1+21>=$B$23,$B$22,0))*(1+$B$4)^21)>0,1+$B$3,1)) | Y42: =IF($B$1+22>90,X42,(X42+IF($B$1+22<=$B42,12*$B$7,-12*MAX(0,$B$6-IF($B$1+22>=$B$23,$B$22,0))*(1+$B$4)^22))*IF(X42+IF($B$1+22<=$B42,12*$B$7,-12*MAX(0,$B$6-IF($B$1+22>=$B$23,$B$22,0))*(1+$B$4)^22)>0,1+$B$3,1)) | Z42: =IF($B$1+23>90,Y42,(Y42+IF($B$1+23<=$B42,12*$B$7,-12*MAX(0,$B$6-IF($B$1+23>=$B$23,$B$22,0))*(1+$B$4)^23))*IF(Y42+IF($B$1+23<=$B42,12*$B$7,-12*MAX(0,$B$6-IF($B$1+23>=$B$23,$B$22,0))*(1+$B$4)^23)>0,1+$B$3,1)) | AA42: =IF($B$1+24>90,Z42,(Z42+IF($B$1+24<=$B42,12*$B$7,-12*MAX(0,$B$6-IF($B$1+24>=$B$23,$B$22,0))*(1+$B$4)^24))*IF(Z42+IF($B$1+24<=$B42,12*$B$7,-12*MAX(0,$B$6-IF($B$1+24>=$B$23,$B$22,0))*(1+$B$4)^24)>0,1+$B$3,1)) | AB42: =IF($B$1+25>90,AA42,(AA42+IF($B$1+25<=$B42,12*$B$7,-12*MAX(0,$B$6-IF($B$1+25>=$B$23,$B$22,0))*(1+$B$4)^25))*IF(AA42+IF($B$1+25<=$B42,12*$B$7,-12*MAX(0,$B$6-IF($B$1+25>=$B$23,$B$22,0))*(1+$B$4)^25)>0,1+$B$3,1)) | AC42: =IF($B$1+26>90,AB42,(AB42+IF($B$1+26<=$B42,12*$B$7,-12*MAX(0,$B$6-IF($B$1+26>=$B$23,$B$22,0))*(1+$B$4)^26))*IF(AB42+IF($B$1+26<=$B42,12*$B$7,-12*MAX(0,$B$6-IF($B$1+26>=$B$23,$B$22,0))*(1+$B$4)^26)>0,1+$B$3,1)) | AD42: =IF($B$1+27>90,AC42,(AC42+IF($B$1+27<=$B42,12*$B$7,-12*MAX(0,$B$6-IF($B$1+27>=$B$23,$B$22,0))*(1+$B$4)^27))*IF(AC42+IF($B$1+27<=$B42,12*$B$7,-12*MAX(0,$B$6-IF($B$1+27>=$B$23,$B$22,0))*(1+$B$4)^27)>0,1+$B$3,1)) | AE42: =IF($B$1+28>90,AD42,(AD42+IF($B$1+28<=$B42,12*$B$7,-12*MAX(0,$B$6-IF($B$1+28>=$B$23,$B$22,0))*(1+$B$4)^28))*IF(AD42+IF($B$1+28<=$B42,12*$B$7,-12*MAX(0,$B$6-IF($B$1+28>=$B$23,$B$22,0))*(1+$B$4)^28)>0,1+$B$3,1)) | AF42: =IF($B$1+29>90,AE42,(AE42+IF($B$1+29<=$B42,12*$B$7,-12*MAX(0,$B$6-IF($B$1+29>=$B$23,$B$22,0))*(1+$B$4)^29))*IF(AE42+IF($B$1+29<=$B42,12*$B$7,-12*MAX(0,$B$6-IF($B$1+29>=$B$23,$B$22,0))*(1+$B$4)^29)>0,1+$B$3,1)) | AG42: =IF($B$1+30>90,AF42,(AF42+IF($B$1+30<=$B42,12*$B$7,-12*MAX(0,$B$6-IF($B$1+30>=$B$23,$B$22,0))*(1+$B$4)^30))*IF(AF42+IF($B$1+30<=$B42,12*$B$7,-12*MAX(0,$B$6-IF($B$1+30>=$B$23,$B$22,0))*(1+$B$4)^30)>0,1+$B$3,1)) | AH42: =IF($B$1+31>90,AG42,(AG42+IF($B$1+31<=$B42,12*$B$7,-12*MAX(0,$B$6-IF($B$1+31>=$B$23,$B$22,0))*(1+$B$4)^31))*IF(AG42+IF($B$1+31<=$B42,12*$B$7,-12*MAX(0,$B$6-IF($B$1+31>=$B$23,$B$22,0))*(1+$B$4)^31)>0,1+$B$3,1)) | AI42: =IF($B$1+32>90,AH42,(AH42+IF($B$1+32<=$B42,12*$B$7,-12*MAX(0,$B$6-IF($B$1+32>=$B$23,$B$22,0))*(1+$B$4)^32))*IF(AH42+IF($B$1+32<=$B42,12*$B$7,-12*MAX(0,$B$6-IF($B$1+32>=$B$23,$B$22,0))*(1+$B$4)^32)>0,1+$B$3,1)) | AJ42: =IF($B$1+33>90,AI42,(AI42+IF($B$1+33<=$B42,12*$B$7,-12*MAX(0,$B$6-IF($B$1+33>=$B$23,$B$22,0))*(1+$B$4)^33))*IF(AI42+IF($B$1+33<=$B42,12*$B$7,-12*MAX(0,$B$6-IF($B$1+33>=$B$23,$B$22,0))*(1+$B$4)^33)>0,1+$B$3,1)) | AK42: =IF($B$1+34>90,AJ42,(AJ42+IF($B$1+34<=$B42,12*$B$7,-12*MAX(0,$B$6-IF($B$1+34>=$B$23,$B$22,0))*(1+$B$4)^34))*IF(AJ42+IF($B$1+34<=$B42,12*$B$7,-12*MAX(0,$B$6-IF($B$1+34>=$B$23,$B$22,0))*(1+$B$4)^34)>0,1+$B$3,1)) | AL42: =IF($B$1+35>90,AK42,(AK42+IF($B$1+35<=$B42,12*$B$7,-12*MAX(0,$B$6-IF($B$1+35>=$B$23,$B$22,0))*(1+$B$4)^35))*IF(AK42+IF($B$1+35<=$B42,12*$B$7,-12*MAX(0,$B$6-IF($B$1+35>=$B$23,$B$22,0))*(1+$B$4)^35)>0,1+$B$3,1)) | AM42: =IF($B$1+36>90,AL42,(AL42+IF($B$1+36<=$B42,12*$B$7,-12*MAX(0,$B$6-IF($B$1+36>=$B$23,$B$22,0))*(1+$B$4)^36))*IF(AL42+IF($B$1+36<=$B42,12*$B$7,-12*MAX(0,$B$6-IF($B$1+36>=$B$23,$B$22,0))*(1+$B$4)^36)>0,1+$B$3,1)) | AN42: =IF($B$1+37>90,AM42,(AM42+IF($B$1+37<=$B42,12*$B$7,-12*MAX(0,$B$6-IF($B$1+37>=$B$23,$B$22,0))*(1+$B$4)^37))*IF(AM42+IF($B$1+37<=$B42,12*$B$7,-12*MAX(0,$B$6-IF($B$1+37>=$B$23,$B$22,0))*(1+$B$4)^37)>0,1+$B$3,1)) | AO42: =IF($B$1+38>90,AN42,(AN42+IF($B$1+38<=$B42,12*$B$7,-12*MAX(0,$B$6-IF($B$1+38>=$B$23,$B$22,0))*(1+$B$4)^38))*IF(AN42+IF($B$1+38<=$B42,12*$B$7,-12*MAX(0,$B$6-IF($B$1+38>=$B$23,$B$22,0))*(1+$B$4)^38)>0,1+$B$3,1)) | AP42: =IF($B$1+39>90,AO42,(AO42+IF($B$1+39<=$B42,12*$B$7,-12*MAX(0,$B$6-IF($B$1+39>=$B$23,$B$22,0))*(1+$B$4)^39))*IF(AO42+IF($B$1+39<=$B42,12*$B$7,-12*MAX(0,$B$6-IF($B$1+39>=$B$23,$B$22,0))*(1+$B$4)^39)>0,1+$B$3,1)) | AQ42: =IF($B$1+40>90,AP42,(AP42+IF($B$1+40<=$B42,12*$B$7,-12*MAX(0,$B$6-IF($B$1+40>=$B$23,$B$22,0))*(1+$B$4)^40))*IF(AP42+IF($B$1+40<=$B42,12*$B$7,-12*MAX(0,$B$6-IF($B$1+40>=$B$23,$B$22,0))*(1+$B$4)^40)>0,1+$B$3,1)) | AR42: =IF($B$1+41>90,AQ42,(AQ42+IF($B$1+41<=$B42,12*$B$7,-12*MAX(0,$B$6-IF($B$1+41>=$B$23,$B$22,0))*(1+$B$4)^41))*IF(AQ42+IF($B$1+41<=$B42,12*$B$7,-12*MAX(0,$B$6-IF($B$1+41>=$B$23,$B$22,0))*(1+$B$4)^41)>0,1+$B$3,1)) | AS42: =IF($B$1+42>90,AR42,(AR42+IF($B$1+42<=$B42,12*$B$7,-12*MAX(0,$B$6-IF($B$1+42>=$B$23,$B$22,0))*(1+$B$4)^42))*IF(AR42+IF($B$1+42<=$B42,12*$B$7,-12*MAX(0,$B$6-IF($B$1+42>=$B$23,$B$22,0))*(1+$B$4)^42)>0,1+$B$3,1)) | AT42: =IF($B$1+43>90,AS42,(AS42+IF($B$1+43<=$B42,12*$B$7,-12*MAX(0,$B$6-IF($B$1+43>=$B$23,$B$22,0))*(1+$B$4)^43))*IF(AS42+IF($B$1+43<=$B42,12*$B$7,-12*MAX(0,$B$6-IF($B$1+43>=$B$23,$B$22,0))*(1+$B$4)^43)>0,1+$B$3,1)) | AU42: =IF($B$1+44>90,AT42,(AT42+IF($B$1+44<=$B42,12*$B$7,-12*MAX(0,$B$6-IF($B$1+44>=$B$23,$B$22,0))*(1+$B$4)^44))*IF(AT42+IF($B$1+44<=$B42,12*$B$7,-12*MAX(0,$B$6-IF($B$1+44>=$B$23,$B$22,0))*(1+$B$4)^44)>0,1+$B$3,1)) | AV42: =IF($B$1+45>90,AU42,(AU42+IF($B$1+45<=$B42,12*$B$7,-12*MAX(0,$B$6-IF($B$1+45>=$B$23,$B$22,0))*(1+$B$4)^45))*IF(AU42+IF($B$1+45<=$B42,12*$B$7,-12*MAX(0,$B$6-IF($B$1+45>=$B$23,$B$22,0))*(1+$B$4)^45)>0,1+$B$3,1)) | AW42: =IF($B$1+46>90,AV42,(AV42+IF($B$1+46<=$B42,12*$B$7,-12*MAX(0,$B$6-IF($B$1+46>=$B$23,$B$22,0))*(1+$B$4)^46))*IF(AV42+IF($B$1+46<=$B42,12*$B$7,-12*MAX(0,$B$6-IF($B$1+46>=$B$23,$B$22,0))*(1+$B$4)^46)>0,1+$B$3,1)) | AX42: =IF($B$1+47>90,AW42,(AW42+IF($B$1+47<=$B42,12*$B$7,-12*MAX(0,$B$6-IF($B$1+47>=$B$23,$B$22,0))*(1+$B$4)^47))*IF(AW42+IF($B$1+47<=$B42,12*$B$7,-12*MAX(0,$B$6-IF($B$1+47>=$B$23,$B$22,0))*(1+$B$4)^47)>0,1+$B$3,1)) | AY42: =IF($B$1+48>90,AX42,(AX42+IF($B$1+48<=$B42,12*$B$7,-12*MAX(0,$B$6-IF($B$1+48>=$B$23,$B$22,0))*(1+$B$4)^48))*IF(AX42+IF($B$1+48<=$B42,12*$B$7,-12*MAX(0,$B$6-IF($B$1+48>=$B$23,$B$22,0))*(1+$B$4)^48)>0,1+$B$3,1)) | AZ42: =IF($B$1+49>90,AY42,(AY42+IF($B$1+49<=$B42,12*$B$7,-12*MAX(0,$B$6-IF($B$1+49>=$B$23,$B$22,0))*(1+$B$4)^49))*IF(AY42+IF($B$1+49<=$B42,12*$B$7,-12*MAX(0,$B$6-IF($B$1+49>=$B$23,$B$22,0))*(1+$B$4)^49)>0,1+$B$3,1)) | BA42: =IF($B$1+50>90,AZ42,(AZ42+IF($B$1+50<=$B42,12*$B$7,-12*MAX(0,$B$6-IF($B$1+50>=$B$23,$B$22,0))*(1+$B$4)^50))*IF(AZ42+IF($B$1+50<=$B42,12*$B$7,-12*MAX(0,$B$6-IF($B$1+50>=$B$23,$B$22,0))*(1+$B$4)^50)>0,1+$B$3,1)) | BB42: =IF($B$1+51>90,BA42,(BA42+IF($B$1+51<=$B42,12*$B$7,-12*MAX(0,$B$6-IF($B$1+51>=$B$23,$B$22,0))*(1+$B$4)^51))*IF(BA42+IF($B$1+51<=$B42,12*$B$7,-12*MAX(0,$B$6-IF($B$1+51>=$B$23,$B$22,0))*(1+$B$4)^51)>0,1+$B$3,1)) | BC42: =IF($B$1+52>90,BB42,(BB42+IF($B$1+52<=$B42,12*$B$7,-12*MAX(0,$B$6-IF($B$1+52>=$B$23,$B$22,0))*(1+$B$4)^52))*IF(BB42+IF($B$1+52<=$B42,12*$B$7,-12*MAX(0,$B$6-IF($B$1+52>=$B$23,$B$22,0))*(1+$B$4)^52)>0,1+$B$3,1)) | BD42: =IF($B$1+53>90,BC42,(BC42+IF($B$1+53<=$B42,12*$B$7,-12*MAX(0,$B$6-IF($B$1+53>=$B$23,$B$22,0))*(1+$B$4)^53))*IF(BC42+IF($B$1+53<=$B42,12*$B$7,-12*MAX(0,$B$6-IF($B$1+53>=$B$23,$B$22,0))*(1+$B$4)^53)>0,1+$B$3,1)) | BE42: =IF($B$1+54>90,BD42,(BD42+IF($B$1+54<=$B42,12*$B$7,-12*MAX(0,$B$6-IF($B$1+54>=$B$23,$B$22,0))*(1+$B$4)^54))*IF(BD42+IF($B$1+54<=$B42,12*$B$7,-12*MAX(0,$B$6-IF($B$1+54>=$B$23,$B$22,0))*(1+$B$4)^54)>0,1+$B$3,1)) | BF42: =IF($B$1+55>90,BE42,(BE42+IF($B$1+55<=$B42,12*$B$7,-12*MAX(0,$B$6-IF($B$1+55>=$B$23,$B$22,0))*(1+$B$4)^55))*IF(BE42+IF($B$1+55<=$B42,12*$B$7,-12*MAX(0,$B$6-IF($B$1+55>=$B$23,$B$22,0))*(1+$B$4)^55)>0,1+$B$3,1)) | BG42: =IF($B$1+56>90,BF42,(BF42+IF($B$1+56<=$B42,12*$B$7,-12*MAX(0,$B$6-IF($B$1+56>=$B$23,$B$22,0))*(1+$B$4)^56))*IF(BF42+IF($B$1+56<=$B42,12*$B$7,-12*MAX(0,$B$6-IF($B$1+56>=$B$23,$B$22,0))*(1+$B$4)^56)>0,1+$B$3,1)) | BH42: =IF($B$1+57>90,BG42,(BG42+IF($B$1+57<=$B42,12*$B$7,-12*MAX(0,$B$6-IF($B$1+57>=$B$23,$B$22,0))*(1+$B$4)^57))*IF(BG42+IF($B$1+57<=$B42,12*$B$7,-12*MAX(0,$B$6-IF($B$1+57>=$B$23,$B$22,0))*(1+$B$4)^57)>0,1+$B$3,1)) | BI42: =IF($B$1+58>90,BH42,(BH42+IF($B$1+58<=$B42,12*$B$7,-12*MAX(0,$B$6-IF($B$1+58>=$B$23,$B$22,0))*(1+$B$4)^58))*IF(BH42+IF($B$1+58<=$B42,12*$B$7,-12*MAX(0,$B$6-IF($B$1+58>=$B$23,$B$22,0))*(1+$B$4)^58)>0,1+$B$3,1)) | BJ42: =IF($B$1+59>90,BI42,(BI42+IF($B$1+59<=$B42,12*$B$7,-12*MAX(0,$B$6-IF($B$1+59>=$B$23,$B$22,0))*(1+$B$4)^59))*IF(BI42+IF($B$1+59<=$B42,12*$B$7,-12*MAX(0,$B$6-IF($B$1+59>=$B$23,$B$22,0))*(1+$B$4)^59)>0,1+$B$3,1)) | BK42: =IF($B$1+60>90,BJ42,(BJ42+IF($B$1+60<=$B42,12*$B$7,-12*MAX(0,$B$6-IF($B$1+60>=$B$23,$B$22,0))*(1+$B$4)^60))*IF(BJ42+IF($B$1+60<=$B42,12*$B$7,-12*MAX(0,$B$6-IF($B$1+60>=$B$23,$B$22,0))*(1+$B$4)^60)>0,1+$B$3,1)) | BL42: =IF($B$1+61>90,BK42,(BK42+IF($B$1+61<=$B42,12*$B$7,-12*MAX(0,$B$6-IF($B$1+61>=$B$23,$B$22,0))*(1+$B$4)^61))*IF(BK42+IF($B$1+61<=$B42,12*$B$7,-12*MAX(0,$B$6-IF($B$1+61>=$B$23,$B$22,0))*(1+$B$4)^61)>0,1+$B$3,1)) | BM42: =IF($B$1+62>90,BL42,(BL42+IF($B$1+62<=$B42,12*$B$7,-12*MAX(0,$B$6-IF($B$1+62>=$B$23,$B$22,0))*(1+$B$4)^62))*IF(BL42+IF($B$1+62<=$B42,12*$B$7,-12*MAX(0,$B$6-IF($B$1+62>=$B$23,$B$22,0))*(1+$B$4)^62)>0,1+$B$3,1)) | BN42: =IF($B$1+63>90,BM42,(BM42+IF($B$1+63<=$B42,12*$B$7,-12*MAX(0,$B$6-IF($B$1+63>=$B$23,$B$22,0))*(1+$B$4)^63))*IF(BM42+IF($B$1+63<=$B42,12*$B$7,-12*MAX(0,$B$6-IF($B$1+63>=$B$23,$B$22,0))*(1+$B$4)^63)>0,1+$B$3,1)) | BO42: =IF($B$1+64>90,BN42,(BN42+IF($B$1+64<=$B42,12*$B$7,-12*MAX(0,$B$6-IF($B$1+64>=$B$23,$B$22,0))*(1+$B$4)^64))*IF(BN42+IF($B$1+64<=$B42,12*$B$7,-12*MAX(0,$B$6-IF($B$1+64>=$B$23,$B$22,0))*(1+$B$4)^64)>0,1+$B$3,1)) | BP42: =IF($B$1+65>90,BO42,(BO42+IF($B$1+65<=$B42,12*$B$7,-12*MAX(0,$B$6-IF($B$1+65>=$B$23,$B$22,0))*(1+$B$4)^65))*IF(BO42+IF($B$1+65<=$B42,12*$B$7,-12*MAX(0,$B$6-IF($B$1+65>=$B$23,$B$22,0))*(1+$B$4)^65)>0,1+$B$3,1)) | BQ42: =IF($B$1+66>90,BP42,(BP42+IF($B$1+66<=$B42,12*$B$7,-12*MAX(0,$B$6-IF($B$1+66>=$B$23,$B$22,0))*(1+$B$4)^66))*IF(BP42+IF($B$1+66<=$B42,12*$B$7,-12*MAX(0,$B$6-IF($B$1+66>=$B$23,$B$22,0))*(1+$B$4)^66)>0,1+$B$3,1)) | BR42: =IF($B$1+67>90,BQ42,(BQ42+IF($B$1+67<=$B42,12*$B$7,-12*MAX(0,$B$6-IF($B$1+67>=$B$23,$B$22,0))*(1+$B$4)^67))*IF(BQ42+IF($B$1+67<=$B42,12*$B$7,-12*MAX(0,$B$6-IF($B$1+67>=$B$23,$B$22,0))*(1+$B$4)^67)>0,1+$B$3,1)) | BS42: =IF($B$1+68>90,BR42,(BR42+IF($B$1+68<=$B42,12*$B$7,-12*MAX(0,$B$6-IF($B$1+68>=$B$23,$B$22,0))*(1+$B$4)^68))*IF(BR42+IF($B$1+68<=$B42,12*$B$7,-12*MAX(0,$B$6-IF($B$1+68>=$B$23,$B$22,0))*(1+$B$4)^68)>0,1+$B$3,1)) | BT42: =IF($B$1+69>90,BS42,(BS42+IF($B$1+69<=$B42,12*$B$7,-12*MAX(0,$B$6-IF($B$1+69>=$B$23,$B$22,0))*(1+$B$4)^69))*IF(BS42+IF($B$1+69<=$B42,12*$B$7,-12*MAX(0,$B$6-IF($B$1+69>=$B$23,$B$22,0))*(1+$B$4)^69)>0,1+$B$3,1)) | BU42: =IF($B$1+70>90,BT42,(BT42+IF($B$1+70<=$B42,12*$B$7,-12*MAX(0,$B$6-IF($B$1+70>=$B$23,$B$22,0))*(1+$B$4)^70))*IF(BT42+IF($B$1+70<=$B42,12*$B$7,-12*MAX(0,$B$6-IF($B$1+70>=$B$23,$B$22,0))*(1+$B$4)^70)>0,1+$B$3,1)) | BV42: =BU42 | BW42: =IF(AND($B42<=70,BV42>0),$B42,999) | CB42: 41 | CC42: =IF($B$1+CB42>90,0,12*MAX(0,$B$6-IF($B$1+CB42>=$B$23,$B$22,0))*(1+$B$4)^CB42/(1+$B$3)^(CB42-1)) | CE42: =IF($B$1+40>90,NA(),$B$1+40) | CF42: =IF(OR($B$21="",$B$1+40>90),NA(),INDEX($C$40:$BU$90,$B$21-$B$1+1,41)) | CH42: =IF(ISTEXT('월 가계부'!A42),SUBSTITUTE(SUBSTITUTE(SUBSTITUTE(SUBSTITUTE(SUBSTITUTE(SUBSTITUTE(SUBSTITUTE(SUBSTITUTE(SUBSTITUTE(TRIM('월 가계부'!A42),"년","-"),"월","-"),"일",""),".","-"),"/","-")," ","-"),"--","-"),"--","-"),"--","-")&"-","") | CI42: =IFERROR(IF('월 가계부'!A42="","",IF(ISNUMBER('월 가계부'!A42),IF(AND('월 가계부'!A42>=19000101,'월 가계부'!A42<=21001231),IF(AND(MOD(INT('월 가계부'!A42/100),100)>=1,MOD(INT('월 가계부'!A42/100),100)<=12,MOD(INT('월 가계부'!A42),100)>=1,MOD(INT('월 가계부'!A42),100)<=31),IF(MONTH(DATE(INT('월 가계부'!A42/10000),MOD(INT('월 가계부'!A42/100),100),MOD(INT('월 가계부'!A42),100)))=MOD(INT('월 가계부'!A42/100),100),DATE(INT('월 가계부'!A42/10000),MOD(INT('월 가계부'!A42/100),100),MOD(INT('월 가계부'!A42),100)),""),""),IF(AND('월 가계부'!A42>=36526,'월 가계부'!A42<73051),INT('월 가계부'!A42),"")),IF(OR(CM42="",CN42="",CO42=""),"",IF(AND(CM42>=2000,CM42<=2099,CN42>=1,CN42<=12,CO42>=1,CO42<=31),IF(MONTH(DATE(CM42,CN42,CO42))=CN42,DATE(CM42,CN42,CO42),""),"")))),"") | CJ42: =IFERROR(IF('월 가계부'!C42="","",IF(ISNUMBER('월 가계부'!C42),'월 가계부'!C42,VALUE(SUBSTITUTE(SUBSTITUTE(SUBSTITUTE(SUBSTITUTE(TRIM('월 가계부'!C42),",",""),"원","")," ",""),"−","-")))),"") | CK42: =IF(ISNUMBER(CI42),IF(CI42<$B$13,CI42,""),"") | CM42: =IF(CH42="","",IFERROR(IF(IF(AND(LEN(CH42)=9,ISERROR(FIND("-",LEFT(CH42,8))),ISNUMBER(-LEFT(CH42,8))),VALUE(LEFT(CH42,4)),VALUE(LEFT(CH42,FIND("-",CH42)-1)))<100,IF(AND(LEN(CH42)=9,ISERROR(FIND("-",LEFT(CH42,8))),ISNUMBER(-LEFT(CH42,8))),VALUE(LEFT(CH42,4)),VALUE(LEFT(CH42,FIND("-",CH42)-1)))+2000,IF(AND(LEN(CH42)=9,ISERROR(FIND("-",LEFT(CH42,8))),ISNUMBER(-LEFT(CH42,8))),VALUE(LEFT(CH42,4)),VALUE(LEFT(CH42,FIND("-",CH42)-1)))),"")) | CN42: =IF(CH42="","",IFERROR(IF(AND(LEN(CH42)=9,ISERROR(FIND("-",LEFT(CH42,8))),ISNUMBER(-LEFT(CH42,8))),VALUE(MID(CH42,5,2)),VALUE(MID(CH42,FIND("-",CH42)+1,FIND("-",CH42,FIND("-",CH42)+1)-FIND("-",CH42)-1))),"")) | CO42: =IF(CH42="","",IFERROR(IF(AND(LEN(CH42)=9,ISERROR(FIND("-",LEFT(CH42,8))),ISNUMBER(-LEFT(CH42,8))),VALUE(MID(CH42,7,2)),VALUE(MID(CH42,FIND("-",CH42,FIND("-",CH42)+1)+1,FIND("-",CH42,FIND("-",CH42,FIND("-",CH42)+1)+1)-FIND("-",CH42,FIND("-",CH42)+1)-1))),""))
A43: 3 | B43: =$B$1+3 | C43: =$B$2 | D43: =IF($B$1+1>90,C43,(C43+IF($B$1+1<=$B43,12*$B$7,-12*MAX(0,$B$6-IF($B$1+1>=$B$23,$B$22,0))*(1+$B$4)^1))*IF(C43+IF($B$1+1<=$B43,12*$B$7,-12*MAX(0,$B$6-IF($B$1+1>=$B$23,$B$22,0))*(1+$B$4)^1)>0,1+$B$3,1)) | E43: =IF($B$1+2>90,D43,(D43+IF($B$1+2<=$B43,12*$B$7,-12*MAX(0,$B$6-IF($B$1+2>=$B$23,$B$22,0))*(1+$B$4)^2))*IF(D43+IF($B$1+2<=$B43,12*$B$7,-12*MAX(0,$B$6-IF($B$1+2>=$B$23,$B$22,0))*(1+$B$4)^2)>0,1+$B$3,1)) | F43: =IF($B$1+3>90,E43,(E43+IF($B$1+3<=$B43,12*$B$7,-12*MAX(0,$B$6-IF($B$1+3>=$B$23,$B$22,0))*(1+$B$4)^3))*IF(E43+IF($B$1+3<=$B43,12*$B$7,-12*MAX(0,$B$6-IF($B$1+3>=$B$23,$B$22,0))*(1+$B$4)^3)>0,1+$B$3,1)) | G43: =IF($B$1+4>90,F43,(F43+IF($B$1+4<=$B43,12*$B$7,-12*MAX(0,$B$6-IF($B$1+4>=$B$23,$B$22,0))*(1+$B$4)^4))*IF(F43+IF($B$1+4<=$B43,12*$B$7,-12*MAX(0,$B$6-IF($B$1+4>=$B$23,$B$22,0))*(1+$B$4)^4)>0,1+$B$3,1)) | H43: =IF($B$1+5>90,G43,(G43+IF($B$1+5<=$B43,12*$B$7,-12*MAX(0,$B$6-IF($B$1+5>=$B$23,$B$22,0))*(1+$B$4)^5))*IF(G43+IF($B$1+5<=$B43,12*$B$7,-12*MAX(0,$B$6-IF($B$1+5>=$B$23,$B$22,0))*(1+$B$4)^5)>0,1+$B$3,1)) | I43: =IF($B$1+6>90,H43,(H43+IF($B$1+6<=$B43,12*$B$7,-12*MAX(0,$B$6-IF($B$1+6>=$B$23,$B$22,0))*(1+$B$4)^6))*IF(H43+IF($B$1+6<=$B43,12*$B$7,-12*MAX(0,$B$6-IF($B$1+6>=$B$23,$B$22,0))*(1+$B$4)^6)>0,1+$B$3,1)) | J43: =IF($B$1+7>90,I43,(I43+IF($B$1+7<=$B43,12*$B$7,-12*MAX(0,$B$6-IF($B$1+7>=$B$23,$B$22,0))*(1+$B$4)^7))*IF(I43+IF($B$1+7<=$B43,12*$B$7,-12*MAX(0,$B$6-IF($B$1+7>=$B$23,$B$22,0))*(1+$B$4)^7)>0,1+$B$3,1)) | K43: =IF($B$1+8>90,J43,(J43+IF($B$1+8<=$B43,12*$B$7,-12*MAX(0,$B$6-IF($B$1+8>=$B$23,$B$22,0))*(1+$B$4)^8))*IF(J43+IF($B$1+8<=$B43,12*$B$7,-12*MAX(0,$B$6-IF($B$1+8>=$B$23,$B$22,0))*(1+$B$4)^8)>0,1+$B$3,1)) | L43: =IF($B$1+9>90,K43,(K43+IF($B$1+9<=$B43,12*$B$7,-12*MAX(0,$B$6-IF($B$1+9>=$B$23,$B$22,0))*(1+$B$4)^9))*IF(K43+IF($B$1+9<=$B43,12*$B$7,-12*MAX(0,$B$6-IF($B$1+9>=$B$23,$B$22,0))*(1+$B$4)^9)>0,1+$B$3,1)) | M43: =IF($B$1+10>90,L43,(L43+IF($B$1+10<=$B43,12*$B$7,-12*MAX(0,$B$6-IF($B$1+10>=$B$23,$B$22,0))*(1+$B$4)^10))*IF(L43+IF($B$1+10<=$B43,12*$B$7,-12*MAX(0,$B$6-IF($B$1+10>=$B$23,$B$22,0))*(1+$B$4)^10)>0,1+$B$3,1)) | N43: =IF($B$1+11>90,M43,(M43+IF($B$1+11<=$B43,12*$B$7,-12*MAX(0,$B$6-IF($B$1+11>=$B$23,$B$22,0))*(1+$B$4)^11))*IF(M43+IF($B$1+11<=$B43,12*$B$7,-12*MAX(0,$B$6-IF($B$1+11>=$B$23,$B$22,0))*(1+$B$4)^11)>0,1+$B$3,1)) | O43: =IF($B$1+12>90,N43,(N43+IF($B$1+12<=$B43,12*$B$7,-12*MAX(0,$B$6-IF($B$1+12>=$B$23,$B$22,0))*(1+$B$4)^12))*IF(N43+IF($B$1+12<=$B43,12*$B$7,-12*MAX(0,$B$6-IF($B$1+12>=$B$23,$B$22,0))*(1+$B$4)^12)>0,1+$B$3,1)) | P43: =IF($B$1+13>90,O43,(O43+IF($B$1+13<=$B43,12*$B$7,-12*MAX(0,$B$6-IF($B$1+13>=$B$23,$B$22,0))*(1+$B$4)^13))*IF(O43+IF($B$1+13<=$B43,12*$B$7,-12*MAX(0,$B$6-IF($B$1+13>=$B$23,$B$22,0))*(1+$B$4)^13)>0,1+$B$3,1)) | Q43: =IF($B$1+14>90,P43,(P43+IF($B$1+14<=$B43,12*$B$7,-12*MAX(0,$B$6-IF($B$1+14>=$B$23,$B$22,0))*(1+$B$4)^14))*IF(P43+IF($B$1+14<=$B43,12*$B$7,-12*MAX(0,$B$6-IF($B$1+14>=$B$23,$B$22,0))*(1+$B$4)^14)>0,1+$B$3,1)) | R43: =IF($B$1+15>90,Q43,(Q43+IF($B$1+15<=$B43,12*$B$7,-12*MAX(0,$B$6-IF($B$1+15>=$B$23,$B$22,0))*(1+$B$4)^15))*IF(Q43+IF($B$1+15<=$B43,12*$B$7,-12*MAX(0,$B$6-IF($B$1+15>=$B$23,$B$22,0))*(1+$B$4)^15)>0,1+$B$3,1)) | S43: =IF($B$1+16>90,R43,(R43+IF($B$1+16<=$B43,12*$B$7,-12*MAX(0,$B$6-IF($B$1+16>=$B$23,$B$22,0))*(1+$B$4)^16))*IF(R43+IF($B$1+16<=$B43,12*$B$7,-12*MAX(0,$B$6-IF($B$1+16>=$B$23,$B$22,0))*(1+$B$4)^16)>0,1+$B$3,1)) | T43: =IF($B$1+17>90,S43,(S43+IF($B$1+17<=$B43,12*$B$7,-12*MAX(0,$B$6-IF($B$1+17>=$B$23,$B$22,0))*(1+$B$4)^17))*IF(S43+IF($B$1+17<=$B43,12*$B$7,-12*MAX(0,$B$6-IF($B$1+17>=$B$23,$B$22,0))*(1+$B$4)^17)>0,1+$B$3,1)) | U43: =IF($B$1+18>90,T43,(T43+IF($B$1+18<=$B43,12*$B$7,-12*MAX(0,$B$6-IF($B$1+18>=$B$23,$B$22,0))*(1+$B$4)^18))*IF(T43+IF($B$1+18<=$B43,12*$B$7,-12*MAX(0,$B$6-IF($B$1+18>=$B$23,$B$22,0))*(1+$B$4)^18)>0,1+$B$3,1)) | V43: =IF($B$1+19>90,U43,(U43+IF($B$1+19<=$B43,12*$B$7,-12*MAX(0,$B$6-IF($B$1+19>=$B$23,$B$22,0))*(1+$B$4)^19))*IF(U43+IF($B$1+19<=$B43,12*$B$7,-12*MAX(0,$B$6-IF($B$1+19>=$B$23,$B$22,0))*(1+$B$4)^19)>0,1+$B$3,1)) | W43: =IF($B$1+20>90,V43,(V43+IF($B$1+20<=$B43,12*$B$7,-12*MAX(0,$B$6-IF($B$1+20>=$B$23,$B$22,0))*(1+$B$4)^20))*IF(V43+IF($B$1+20<=$B43,12*$B$7,-12*MAX(0,$B$6-IF($B$1+20>=$B$23,$B$22,0))*(1+$B$4)^20)>0,1+$B$3,1)) | X43: =IF($B$1+21>90,W43,(W43+IF($B$1+21<=$B43,12*$B$7,-12*MAX(0,$B$6-IF($B$1+21>=$B$23,$B$22,0))*(1+$B$4)^21))*IF(W43+IF($B$1+21<=$B43,12*$B$7,-12*MAX(0,$B$6-IF($B$1+21>=$B$23,$B$22,0))*(1+$B$4)^21)>0,1+$B$3,1)) | Y43: =IF($B$1+22>90,X43,(X43+IF($B$1+22<=$B43,12*$B$7,-12*MAX(0,$B$6-IF($B$1+22>=$B$23,$B$22,0))*(1+$B$4)^22))*IF(X43+IF($B$1+22<=$B43,12*$B$7,-12*MAX(0,$B$6-IF($B$1+22>=$B$23,$B$22,0))*(1+$B$4)^22)>0,1+$B$3,1)) | Z43: =IF($B$1+23>90,Y43,(Y43+IF($B$1+23<=$B43,12*$B$7,-12*MAX(0,$B$6-IF($B$1+23>=$B$23,$B$22,0))*(1+$B$4)^23))*IF(Y43+IF($B$1+23<=$B43,12*$B$7,-12*MAX(0,$B$6-IF($B$1+23>=$B$23,$B$22,0))*(1+$B$4)^23)>0,1+$B$3,1)) | AA43: =IF($B$1+24>90,Z43,(Z43+IF($B$1+24<=$B43,12*$B$7,-12*MAX(0,$B$6-IF($B$1+24>=$B$23,$B$22,0))*(1+$B$4)^24))*IF(Z43+IF($B$1+24<=$B43,12*$B$7,-12*MAX(0,$B$6-IF($B$1+24>=$B$23,$B$22,0))*(1+$B$4)^24)>0,1+$B$3,1)) | AB43: =IF($B$1+25>90,AA43,(AA43+IF($B$1+25<=$B43,12*$B$7,-12*MAX(0,$B$6-IF($B$1+25>=$B$23,$B$22,0))*(1+$B$4)^25))*IF(AA43+IF($B$1+25<=$B43,12*$B$7,-12*MAX(0,$B$6-IF($B$1+25>=$B$23,$B$22,0))*(1+$B$4)^25)>0,1+$B$3,1)) | AC43: =IF($B$1+26>90,AB43,(AB43+IF($B$1+26<=$B43,12*$B$7,-12*MAX(0,$B$6-IF($B$1+26>=$B$23,$B$22,0))*(1+$B$4)^26))*IF(AB43+IF($B$1+26<=$B43,12*$B$7,-12*MAX(0,$B$6-IF($B$1+26>=$B$23,$B$22,0))*(1+$B$4)^26)>0,1+$B$3,1)) | AD43: =IF($B$1+27>90,AC43,(AC43+IF($B$1+27<=$B43,12*$B$7,-12*MAX(0,$B$6-IF($B$1+27>=$B$23,$B$22,0))*(1+$B$4)^27))*IF(AC43+IF($B$1+27<=$B43,12*$B$7,-12*MAX(0,$B$6-IF($B$1+27>=$B$23,$B$22,0))*(1+$B$4)^27)>0,1+$B$3,1)) | AE43: =IF($B$1+28>90,AD43,(AD43+IF($B$1+28<=$B43,12*$B$7,-12*MAX(0,$B$6-IF($B$1+28>=$B$23,$B$22,0))*(1+$B$4)^28))*IF(AD43+IF($B$1+28<=$B43,12*$B$7,-12*MAX(0,$B$6-IF($B$1+28>=$B$23,$B$22,0))*(1+$B$4)^28)>0,1+$B$3,1)) | AF43: =IF($B$1+29>90,AE43,(AE43+IF($B$1+29<=$B43,12*$B$7,-12*MAX(0,$B$6-IF($B$1+29>=$B$23,$B$22,0))*(1+$B$4)^29))*IF(AE43+IF($B$1+29<=$B43,12*$B$7,-12*MAX(0,$B$6-IF($B$1+29>=$B$23,$B$22,0))*(1+$B$4)^29)>0,1+$B$3,1)) | AG43: =IF($B$1+30>90,AF43,(AF43+IF($B$1+30<=$B43,12*$B$7,-12*MAX(0,$B$6-IF($B$1+30>=$B$23,$B$22,0))*(1+$B$4)^30))*IF(AF43+IF($B$1+30<=$B43,12*$B$7,-12*MAX(0,$B$6-IF($B$1+30>=$B$23,$B$22,0))*(1+$B$4)^30)>0,1+$B$3,1)) | AH43: =IF($B$1+31>90,AG43,(AG43+IF($B$1+31<=$B43,12*$B$7,-12*MAX(0,$B$6-IF($B$1+31>=$B$23,$B$22,0))*(1+$B$4)^31))*IF(AG43+IF($B$1+31<=$B43,12*$B$7,-12*MAX(0,$B$6-IF($B$1+31>=$B$23,$B$22,0))*(1+$B$4)^31)>0,1+$B$3,1)) | AI43: =IF($B$1+32>90,AH43,(AH43+IF($B$1+32<=$B43,12*$B$7,-12*MAX(0,$B$6-IF($B$1+32>=$B$23,$B$22,0))*(1+$B$4)^32))*IF(AH43+IF($B$1+32<=$B43,12*$B$7,-12*MAX(0,$B$6-IF($B$1+32>=$B$23,$B$22,0))*(1+$B$4)^32)>0,1+$B$3,1)) | AJ43: =IF($B$1+33>90,AI43,(AI43+IF($B$1+33<=$B43,12*$B$7,-12*MAX(0,$B$6-IF($B$1+33>=$B$23,$B$22,0))*(1+$B$4)^33))*IF(AI43+IF($B$1+33<=$B43,12*$B$7,-12*MAX(0,$B$6-IF($B$1+33>=$B$23,$B$22,0))*(1+$B$4)^33)>0,1+$B$3,1)) | AK43: =IF($B$1+34>90,AJ43,(AJ43+IF($B$1+34<=$B43,12*$B$7,-12*MAX(0,$B$6-IF($B$1+34>=$B$23,$B$22,0))*(1+$B$4)^34))*IF(AJ43+IF($B$1+34<=$B43,12*$B$7,-12*MAX(0,$B$6-IF($B$1+34>=$B$23,$B$22,0))*(1+$B$4)^34)>0,1+$B$3,1)) | AL43: =IF($B$1+35>90,AK43,(AK43+IF($B$1+35<=$B43,12*$B$7,-12*MAX(0,$B$6-IF($B$1+35>=$B$23,$B$22,0))*(1+$B$4)^35))*IF(AK43+IF($B$1+35<=$B43,12*$B$7,-12*MAX(0,$B$6-IF($B$1+35>=$B$23,$B$22,0))*(1+$B$4)^35)>0,1+$B$3,1)) | AM43: =IF($B$1+36>90,AL43,(AL43+IF($B$1+36<=$B43,12*$B$7,-12*MAX(0,$B$6-IF($B$1+36>=$B$23,$B$22,0))*(1+$B$4)^36))*IF(AL43+IF($B$1+36<=$B43,12*$B$7,-12*MAX(0,$B$6-IF($B$1+36>=$B$23,$B$22,0))*(1+$B$4)^36)>0,1+$B$3,1)) | AN43: =IF($B$1+37>90,AM43,(AM43+IF($B$1+37<=$B43,12*$B$7,-12*MAX(0,$B$6-IF($B$1+37>=$B$23,$B$22,0))*(1+$B$4)^37))*IF(AM43+IF($B$1+37<=$B43,12*$B$7,-12*MAX(0,$B$6-IF($B$1+37>=$B$23,$B$22,0))*(1+$B$4)^37)>0,1+$B$3,1)) | AO43: =IF($B$1+38>90,AN43,(AN43+IF($B$1+38<=$B43,12*$B$7,-12*MAX(0,$B$6-IF($B$1+38>=$B$23,$B$22,0))*(1+$B$4)^38))*IF(AN43+IF($B$1+38<=$B43,12*$B$7,-12*MAX(0,$B$6-IF($B$1+38>=$B$23,$B$22,0))*(1+$B$4)^38)>0,1+$B$3,1)) | AP43: =IF($B$1+39>90,AO43,(AO43+IF($B$1+39<=$B43,12*$B$7,-12*MAX(0,$B$6-IF($B$1+39>=$B$23,$B$22,0))*(1+$B$4)^39))*IF(AO43+IF($B$1+39<=$B43,12*$B$7,-12*MAX(0,$B$6-IF($B$1+39>=$B$23,$B$22,0))*(1+$B$4)^39)>0,1+$B$3,1)) | AQ43: =IF($B$1+40>90,AP43,(AP43+IF($B$1+40<=$B43,12*$B$7,-12*MAX(0,$B$6-IF($B$1+40>=$B$23,$B$22,0))*(1+$B$4)^40))*IF(AP43+IF($B$1+40<=$B43,12*$B$7,-12*MAX(0,$B$6-IF($B$1+40>=$B$23,$B$22,0))*(1+$B$4)^40)>0,1+$B$3,1)) | AR43: =IF($B$1+41>90,AQ43,(AQ43+IF($B$1+41<=$B43,12*$B$7,-12*MAX(0,$B$6-IF($B$1+41>=$B$23,$B$22,0))*(1+$B$4)^41))*IF(AQ43+IF($B$1+41<=$B43,12*$B$7,-12*MAX(0,$B$6-IF($B$1+41>=$B$23,$B$22,0))*(1+$B$4)^41)>0,1+$B$3,1)) | AS43: =IF($B$1+42>90,AR43,(AR43+IF($B$1+42<=$B43,12*$B$7,-12*MAX(0,$B$6-IF($B$1+42>=$B$23,$B$22,0))*(1+$B$4)^42))*IF(AR43+IF($B$1+42<=$B43,12*$B$7,-12*MAX(0,$B$6-IF($B$1+42>=$B$23,$B$22,0))*(1+$B$4)^42)>0,1+$B$3,1)) | AT43: =IF($B$1+43>90,AS43,(AS43+IF($B$1+43<=$B43,12*$B$7,-12*MAX(0,$B$6-IF($B$1+43>=$B$23,$B$22,0))*(1+$B$4)^43))*IF(AS43+IF($B$1+43<=$B43,12*$B$7,-12*MAX(0,$B$6-IF($B$1+43>=$B$23,$B$22,0))*(1+$B$4)^43)>0,1+$B$3,1)) | AU43: =IF($B$1+44>90,AT43,(AT43+IF($B$1+44<=$B43,12*$B$7,-12*MAX(0,$B$6-IF($B$1+44>=$B$23,$B$22,0))*(1+$B$4)^44))*IF(AT43+IF($B$1+44<=$B43,12*$B$7,-12*MAX(0,$B$6-IF($B$1+44>=$B$23,$B$22,0))*(1+$B$4)^44)>0,1+$B$3,1)) | AV43: =IF($B$1+45>90,AU43,(AU43+IF($B$1+45<=$B43,12*$B$7,-12*MAX(0,$B$6-IF($B$1+45>=$B$23,$B$22,0))*(1+$B$4)^45))*IF(AU43+IF($B$1+45<=$B43,12*$B$7,-12*MAX(0,$B$6-IF($B$1+45>=$B$23,$B$22,0))*(1+$B$4)^45)>0,1+$B$3,1)) | AW43: =IF($B$1+46>90,AV43,(AV43+IF($B$1+46<=$B43,12*$B$7,-12*MAX(0,$B$6-IF($B$1+46>=$B$23,$B$22,0))*(1+$B$4)^46))*IF(AV43+IF($B$1+46<=$B43,12*$B$7,-12*MAX(0,$B$6-IF($B$1+46>=$B$23,$B$22,0))*(1+$B$4)^46)>0,1+$B$3,1)) | AX43: =IF($B$1+47>90,AW43,(AW43+IF($B$1+47<=$B43,12*$B$7,-12*MAX(0,$B$6-IF($B$1+47>=$B$23,$B$22,0))*(1+$B$4)^47))*IF(AW43+IF($B$1+47<=$B43,12*$B$7,-12*MAX(0,$B$6-IF($B$1+47>=$B$23,$B$22,0))*(1+$B$4)^47)>0,1+$B$3,1)) | AY43: =IF($B$1+48>90,AX43,(AX43+IF($B$1+48<=$B43,12*$B$7,-12*MAX(0,$B$6-IF($B$1+48>=$B$23,$B$22,0))*(1+$B$4)^48))*IF(AX43+IF($B$1+48<=$B43,12*$B$7,-12*MAX(0,$B$6-IF($B$1+48>=$B$23,$B$22,0))*(1+$B$4)^48)>0,1+$B$3,1)) | AZ43: =IF($B$1+49>90,AY43,(AY43+IF($B$1+49<=$B43,12*$B$7,-12*MAX(0,$B$6-IF($B$1+49>=$B$23,$B$22,0))*(1+$B$4)^49))*IF(AY43+IF($B$1+49<=$B43,12*$B$7,-12*MAX(0,$B$6-IF($B$1+49>=$B$23,$B$22,0))*(1+$B$4)^49)>0,1+$B$3,1)) | BA43: =IF($B$1+50>90,AZ43,(AZ43+IF($B$1+50<=$B43,12*$B$7,-12*MAX(0,$B$6-IF($B$1+50>=$B$23,$B$22,0))*(1+$B$4)^50))*IF(AZ43+IF($B$1+50<=$B43,12*$B$7,-12*MAX(0,$B$6-IF($B$1+50>=$B$23,$B$22,0))*(1+$B$4)^50)>0,1+$B$3,1)) | BB43: =IF($B$1+51>90,BA43,(BA43+IF($B$1+51<=$B43,12*$B$7,-12*MAX(0,$B$6-IF($B$1+51>=$B$23,$B$22,0))*(1+$B$4)^51))*IF(BA43+IF($B$1+51<=$B43,12*$B$7,-12*MAX(0,$B$6-IF($B$1+51>=$B$23,$B$22,0))*(1+$B$4)^51)>0,1+$B$3,1)) | BC43: =IF($B$1+52>90,BB43,(BB43+IF($B$1+52<=$B43,12*$B$7,-12*MAX(0,$B$6-IF($B$1+52>=$B$23,$B$22,0))*(1+$B$4)^52))*IF(BB43+IF($B$1+52<=$B43,12*$B$7,-12*MAX(0,$B$6-IF($B$1+52>=$B$23,$B$22,0))*(1+$B$4)^52)>0,1+$B$3,1)) | BD43: =IF($B$1+53>90,BC43,(BC43+IF($B$1+53<=$B43,12*$B$7,-12*MAX(0,$B$6-IF($B$1+53>=$B$23,$B$22,0))*(1+$B$4)^53))*IF(BC43+IF($B$1+53<=$B43,12*$B$7,-12*MAX(0,$B$6-IF($B$1+53>=$B$23,$B$22,0))*(1+$B$4)^53)>0,1+$B$3,1)) | BE43: =IF($B$1+54>90,BD43,(BD43+IF($B$1+54<=$B43,12*$B$7,-12*MAX(0,$B$6-IF($B$1+54>=$B$23,$B$22,0))*(1+$B$4)^54))*IF(BD43+IF($B$1+54<=$B43,12*$B$7,-12*MAX(0,$B$6-IF($B$1+54>=$B$23,$B$22,0))*(1+$B$4)^54)>0,1+$B$3,1)) | BF43: =IF($B$1+55>90,BE43,(BE43+IF($B$1+55<=$B43,12*$B$7,-12*MAX(0,$B$6-IF($B$1+55>=$B$23,$B$22,0))*(1+$B$4)^55))*IF(BE43+IF($B$1+55<=$B43,12*$B$7,-12*MAX(0,$B$6-IF($B$1+55>=$B$23,$B$22,0))*(1+$B$4)^55)>0,1+$B$3,1)) | BG43: =IF($B$1+56>90,BF43,(BF43+IF($B$1+56<=$B43,12*$B$7,-12*MAX(0,$B$6-IF($B$1+56>=$B$23,$B$22,0))*(1+$B$4)^56))*IF(BF43+IF($B$1+56<=$B43,12*$B$7,-12*MAX(0,$B$6-IF($B$1+56>=$B$23,$B$22,0))*(1+$B$4)^56)>0,1+$B$3,1)) | BH43: =IF($B$1+57>90,BG43,(BG43+IF($B$1+57<=$B43,12*$B$7,-12*MAX(0,$B$6-IF($B$1+57>=$B$23,$B$22,0))*(1+$B$4)^57))*IF(BG43+IF($B$1+57<=$B43,12*$B$7,-12*MAX(0,$B$6-IF($B$1+57>=$B$23,$B$22,0))*(1+$B$4)^57)>0,1+$B$3,1)) | BI43: =IF($B$1+58>90,BH43,(BH43+IF($B$1+58<=$B43,12*$B$7,-12*MAX(0,$B$6-IF($B$1+58>=$B$23,$B$22,0))*(1+$B$4)^58))*IF(BH43+IF($B$1+58<=$B43,12*$B$7,-12*MAX(0,$B$6-IF($B$1+58>=$B$23,$B$22,0))*(1+$B$4)^58)>0,1+$B$3,1)) | BJ43: =IF($B$1+59>90,BI43,(BI43+IF($B$1+59<=$B43,12*$B$7,-12*MAX(0,$B$6-IF($B$1+59>=$B$23,$B$22,0))*(1+$B$4)^59))*IF(BI43+IF($B$1+59<=$B43,12*$B$7,-12*MAX(0,$B$6-IF($B$1+59>=$B$23,$B$22,0))*(1+$B$4)^59)>0,1+$B$3,1)) | BK43: =IF($B$1+60>90,BJ43,(BJ43+IF($B$1+60<=$B43,12*$B$7,-12*MAX(0,$B$6-IF($B$1+60>=$B$23,$B$22,0))*(1+$B$4)^60))*IF(BJ43+IF($B$1+60<=$B43,12*$B$7,-12*MAX(0,$B$6-IF($B$1+60>=$B$23,$B$22,0))*(1+$B$4)^60)>0,1+$B$3,1)) | BL43: =IF($B$1+61>90,BK43,(BK43+IF($B$1+61<=$B43,12*$B$7,-12*MAX(0,$B$6-IF($B$1+61>=$B$23,$B$22,0))*(1+$B$4)^61))*IF(BK43+IF($B$1+61<=$B43,12*$B$7,-12*MAX(0,$B$6-IF($B$1+61>=$B$23,$B$22,0))*(1+$B$4)^61)>0,1+$B$3,1)) | BM43: =IF($B$1+62>90,BL43,(BL43+IF($B$1+62<=$B43,12*$B$7,-12*MAX(0,$B$6-IF($B$1+62>=$B$23,$B$22,0))*(1+$B$4)^62))*IF(BL43+IF($B$1+62<=$B43,12*$B$7,-12*MAX(0,$B$6-IF($B$1+62>=$B$23,$B$22,0))*(1+$B$4)^62)>0,1+$B$3,1)) | BN43: =IF($B$1+63>90,BM43,(BM43+IF($B$1+63<=$B43,12*$B$7,-12*MAX(0,$B$6-IF($B$1+63>=$B$23,$B$22,0))*(1+$B$4)^63))*IF(BM43+IF($B$1+63<=$B43,12*$B$7,-12*MAX(0,$B$6-IF($B$1+63>=$B$23,$B$22,0))*(1+$B$4)^63)>0,1+$B$3,1)) | BO43: =IF($B$1+64>90,BN43,(BN43+IF($B$1+64<=$B43,12*$B$7,-12*MAX(0,$B$6-IF($B$1+64>=$B$23,$B$22,0))*(1+$B$4)^64))*IF(BN43+IF($B$1+64<=$B43,12*$B$7,-12*MAX(0,$B$6-IF($B$1+64>=$B$23,$B$22,0))*(1+$B$4)^64)>0,1+$B$3,1)) | BP43: =IF($B$1+65>90,BO43,(BO43+IF($B$1+65<=$B43,12*$B$7,-12*MAX(0,$B$6-IF($B$1+65>=$B$23,$B$22,0))*(1+$B$4)^65))*IF(BO43+IF($B$1+65<=$B43,12*$B$7,-12*MAX(0,$B$6-IF($B$1+65>=$B$23,$B$22,0))*(1+$B$4)^65)>0,1+$B$3,1)) | BQ43: =IF($B$1+66>90,BP43,(BP43+IF($B$1+66<=$B43,12*$B$7,-12*MAX(0,$B$6-IF($B$1+66>=$B$23,$B$22,0))*(1+$B$4)^66))*IF(BP43+IF($B$1+66<=$B43,12*$B$7,-12*MAX(0,$B$6-IF($B$1+66>=$B$23,$B$22,0))*(1+$B$4)^66)>0,1+$B$3,1)) | BR43: =IF($B$1+67>90,BQ43,(BQ43+IF($B$1+67<=$B43,12*$B$7,-12*MAX(0,$B$6-IF($B$1+67>=$B$23,$B$22,0))*(1+$B$4)^67))*IF(BQ43+IF($B$1+67<=$B43,12*$B$7,-12*MAX(0,$B$6-IF($B$1+67>=$B$23,$B$22,0))*(1+$B$4)^67)>0,1+$B$3,1)) | BS43: =IF($B$1+68>90,BR43,(BR43+IF($B$1+68<=$B43,12*$B$7,-12*MAX(0,$B$6-IF($B$1+68>=$B$23,$B$22,0))*(1+$B$4)^68))*IF(BR43+IF($B$1+68<=$B43,12*$B$7,-12*MAX(0,$B$6-IF($B$1+68>=$B$23,$B$22,0))*(1+$B$4)^68)>0,1+$B$3,1)) | BT43: =IF($B$1+69>90,BS43,(BS43+IF($B$1+69<=$B43,12*$B$7,-12*MAX(0,$B$6-IF($B$1+69>=$B$23,$B$22,0))*(1+$B$4)^69))*IF(BS43+IF($B$1+69<=$B43,12*$B$7,-12*MAX(0,$B$6-IF($B$1+69>=$B$23,$B$22,0))*(1+$B$4)^69)>0,1+$B$3,1)) | BU43: =IF($B$1+70>90,BT43,(BT43+IF($B$1+70<=$B43,12*$B$7,-12*MAX(0,$B$6-IF($B$1+70>=$B$23,$B$22,0))*(1+$B$4)^70))*IF(BT43+IF($B$1+70<=$B43,12*$B$7,-12*MAX(0,$B$6-IF($B$1+70>=$B$23,$B$22,0))*(1+$B$4)^70)>0,1+$B$3,1)) | BV43: =BU43 | BW43: =IF(AND($B43<=70,BV43>0),$B43,999) | CB43: 42 | CC43: =IF($B$1+CB43>90,0,12*MAX(0,$B$6-IF($B$1+CB43>=$B$23,$B$22,0))*(1+$B$4)^CB43/(1+$B$3)^(CB43-1)) | CE43: =IF($B$1+41>90,NA(),$B$1+41) | CF43: =IF(OR($B$21="",$B$1+41>90),NA(),INDEX($C$40:$BU$90,$B$21-$B$1+1,42)) | CH43: =IF(ISTEXT('월 가계부'!A43),SUBSTITUTE(SUBSTITUTE(SUBSTITUTE(SUBSTITUTE(SUBSTITUTE(SUBSTITUTE(SUBSTITUTE(SUBSTITUTE(SUBSTITUTE(TRIM('월 가계부'!A43),"년","-"),"월","-"),"일",""),".","-"),"/","-")," ","-"),"--","-"),"--","-"),"--","-")&"-","") | CI43: =IFERROR(IF('월 가계부'!A43="","",IF(ISNUMBER('월 가계부'!A43),IF(AND('월 가계부'!A43>=19000101,'월 가계부'!A43<=21001231),IF(AND(MOD(INT('월 가계부'!A43/100),100)>=1,MOD(INT('월 가계부'!A43/100),100)<=12,MOD(INT('월 가계부'!A43),100)>=1,MOD(INT('월 가계부'!A43),100)<=31),IF(MONTH(DATE(INT('월 가계부'!A43/10000),MOD(INT('월 가계부'!A43/100),100),MOD(INT('월 가계부'!A43),100)))=MOD(INT('월 가계부'!A43/100),100),DATE(INT('월 가계부'!A43/10000),MOD(INT('월 가계부'!A43/100),100),MOD(INT('월 가계부'!A43),100)),""),""),IF(AND('월 가계부'!A43>=36526,'월 가계부'!A43<73051),INT('월 가계부'!A43),"")),IF(OR(CM43="",CN43="",CO43=""),"",IF(AND(CM43>=2000,CM43<=2099,CN43>=1,CN43<=12,CO43>=1,CO43<=31),IF(MONTH(DATE(CM43,CN43,CO43))=CN43,DATE(CM43,CN43,CO43),""),"")))),"") | CJ43: =IFERROR(IF('월 가계부'!C43="","",IF(ISNUMBER('월 가계부'!C43),'월 가계부'!C43,VALUE(SUBSTITUTE(SUBSTITUTE(SUBSTITUTE(SUBSTITUTE(TRIM('월 가계부'!C43),",",""),"원","")," ",""),"−","-")))),"") | CK43: =IF(ISNUMBER(CI43),IF(CI43<$B$13,CI43,""),"") | CM43: =IF(CH43="","",IFERROR(IF(IF(AND(LEN(CH43)=9,ISERROR(FIND("-",LEFT(CH43,8))),ISNUMBER(-LEFT(CH43,8))),VALUE(LEFT(CH43,4)),VALUE(LEFT(CH43,FIND("-",CH43)-1)))<100,IF(AND(LEN(CH43)=9,ISERROR(FIND("-",LEFT(CH43,8))),ISNUMBER(-LEFT(CH43,8))),VALUE(LEFT(CH43,4)),VALUE(LEFT(CH43,FIND("-",CH43)-1)))+2000,IF(AND(LEN(CH43)=9,ISERROR(FIND("-",LEFT(CH43,8))),ISNUMBER(-LEFT(CH43,8))),VALUE(LEFT(CH43,4)),VALUE(LEFT(CH43,FIND("-",CH43)-1)))),"")) | CN43: =IF(CH43="","",IFERROR(IF(AND(LEN(CH43)=9,ISERROR(FIND("-",LEFT(CH43,8))),ISNUMBER(-LEFT(CH43,8))),VALUE(MID(CH43,5,2)),VALUE(MID(CH43,FIND("-",CH43)+1,FIND("-",CH43,FIND("-",CH43)+1)-FIND("-",CH43)-1))),"")) | CO43: =IF(CH43="","",IFERROR(IF(AND(LEN(CH43)=9,ISERROR(FIND("-",LEFT(CH43,8))),ISNUMBER(-LEFT(CH43,8))),VALUE(MID(CH43,7,2)),VALUE(MID(CH43,FIND("-",CH43,FIND("-",CH43)+1)+1,FIND("-",CH43,FIND("-",CH43,FIND("-",CH43)+1)+1)-FIND("-",CH43,FIND("-",CH43)+1)-1))),""))
A44: 4 | B44: =$B$1+4 | C44: =$B$2 | D44: =IF($B$1+1>90,C44,(C44+IF($B$1+1<=$B44,12*$B$7,-12*MAX(0,$B$6-IF($B$1+1>=$B$23,$B$22,0))*(1+$B$4)^1))*IF(C44+IF($B$1+1<=$B44,12*$B$7,-12*MAX(0,$B$6-IF($B$1+1>=$B$23,$B$22,0))*(1+$B$4)^1)>0,1+$B$3,1)) | E44: =IF($B$1+2>90,D44,(D44+IF($B$1+2<=$B44,12*$B$7,-12*MAX(0,$B$6-IF($B$1+2>=$B$23,$B$22,0))*(1+$B$4)^2))*IF(D44+IF($B$1+2<=$B44,12*$B$7,-12*MAX(0,$B$6-IF($B$1+2>=$B$23,$B$22,0))*(1+$B$4)^2)>0,1+$B$3,1)) | F44: =IF($B$1+3>90,E44,(E44+IF($B$1+3<=$B44,12*$B$7,-12*MAX(0,$B$6-IF($B$1+3>=$B$23,$B$22,0))*(1+$B$4)^3))*IF(E44+IF($B$1+3<=$B44,12*$B$7,-12*MAX(0,$B$6-IF($B$1+3>=$B$23,$B$22,0))*(1+$B$4)^3)>0,1+$B$3,1)) | G44: =IF($B$1+4>90,F44,(F44+IF($B$1+4<=$B44,12*$B$7,-12*MAX(0,$B$6-IF($B$1+4>=$B$23,$B$22,0))*(1+$B$4)^4))*IF(F44+IF($B$1+4<=$B44,12*$B$7,-12*MAX(0,$B$6-IF($B$1+4>=$B$23,$B$22,0))*(1+$B$4)^4)>0,1+$B$3,1)) | H44: =IF($B$1+5>90,G44,(G44+IF($B$1+5<=$B44,12*$B$7,-12*MAX(0,$B$6-IF($B$1+5>=$B$23,$B$22,0))*(1+$B$4)^5))*IF(G44+IF($B$1+5<=$B44,12*$B$7,-12*MAX(0,$B$6-IF($B$1+5>=$B$23,$B$22,0))*(1+$B$4)^5)>0,1+$B$3,1)) | I44: =IF($B$1+6>90,H44,(H44+IF($B$1+6<=$B44,12*$B$7,-12*MAX(0,$B$6-IF($B$1+6>=$B$23,$B$22,0))*(1+$B$4)^6))*IF(H44+IF($B$1+6<=$B44,12*$B$7,-12*MAX(0,$B$6-IF($B$1+6>=$B$23,$B$22,0))*(1+$B$4)^6)>0,1+$B$3,1)) | J44: =IF($B$1+7>90,I44,(I44+IF($B$1+7<=$B44,12*$B$7,-12*MAX(0,$B$6-IF($B$1+7>=$B$23,$B$22,0))*(1+$B$4)^7))*IF(I44+IF($B$1+7<=$B44,12*$B$7,-12*MAX(0,$B$6-IF($B$1+7>=$B$23,$B$22,0))*(1+$B$4)^7)>0,1+$B$3,1)) | K44: =IF($B$1+8>90,J44,(J44+IF($B$1+8<=$B44,12*$B$7,-12*MAX(0,$B$6-IF($B$1+8>=$B$23,$B$22,0))*(1+$B$4)^8))*IF(J44+IF($B$1+8<=$B44,12*$B$7,-12*MAX(0,$B$6-IF($B$1+8>=$B$23,$B$22,0))*(1+$B$4)^8)>0,1+$B$3,1)) | L44: =IF($B$1+9>90,K44,(K44+IF($B$1+9<=$B44,12*$B$7,-12*MAX(0,$B$6-IF($B$1+9>=$B$23,$B$22,0))*(1+$B$4)^9))*IF(K44+IF($B$1+9<=$B44,12*$B$7,-12*MAX(0,$B$6-IF($B$1+9>=$B$23,$B$22,0))*(1+$B$4)^9)>0,1+$B$3,1)) | M44: =IF($B$1+10>90,L44,(L44+IF($B$1+10<=$B44,12*$B$7,-12*MAX(0,$B$6-IF($B$1+10>=$B$23,$B$22,0))*(1+$B$4)^10))*IF(L44+IF($B$1+10<=$B44,12*$B$7,-12*MAX(0,$B$6-IF($B$1+10>=$B$23,$B$22,0))*(1+$B$4)^10)>0,1+$B$3,1)) | N44: =IF($B$1+11>90,M44,(M44+IF($B$1+11<=$B44,12*$B$7,-12*MAX(0,$B$6-IF($B$1+11>=$B$23,$B$22,0))*(1+$B$4)^11))*IF(M44+IF($B$1+11<=$B44,12*$B$7,-12*MAX(0,$B$6-IF($B$1+11>=$B$23,$B$22,0))*(1+$B$4)^11)>0,1+$B$3,1)) | O44: =IF($B$1+12>90,N44,(N44+IF($B$1+12<=$B44,12*$B$7,-12*MAX(0,$B$6-IF($B$1+12>=$B$23,$B$22,0))*(1+$B$4)^12))*IF(N44+IF($B$1+12<=$B44,12*$B$7,-12*MAX(0,$B$6-IF($B$1+12>=$B$23,$B$22,0))*(1+$B$4)^12)>0,1+$B$3,1)) | P44: =IF($B$1+13>90,O44,(O44+IF($B$1+13<=$B44,12*$B$7,-12*MAX(0,$B$6-IF($B$1+13>=$B$23,$B$22,0))*(1+$B$4)^13))*IF(O44+IF($B$1+13<=$B44,12*$B$7,-12*MAX(0,$B$6-IF($B$1+13>=$B$23,$B$22,0))*(1+$B$4)^13)>0,1+$B$3,1)) | Q44: =IF($B$1+14>90,P44,(P44+IF($B$1+14<=$B44,12*$B$7,-12*MAX(0,$B$6-IF($B$1+14>=$B$23,$B$22,0))*(1+$B$4)^14))*IF(P44+IF($B$1+14<=$B44,12*$B$7,-12*MAX(0,$B$6-IF($B$1+14>=$B$23,$B$22,0))*(1+$B$4)^14)>0,1+$B$3,1)) | R44: =IF($B$1+15>90,Q44,(Q44+IF($B$1+15<=$B44,12*$B$7,-12*MAX(0,$B$6-IF($B$1+15>=$B$23,$B$22,0))*(1+$B$4)^15))*IF(Q44+IF($B$1+15<=$B44,12*$B$7,-12*MAX(0,$B$6-IF($B$1+15>=$B$23,$B$22,0))*(1+$B$4)^15)>0,1+$B$3,1)) | S44: =IF($B$1+16>90,R44,(R44+IF($B$1+16<=$B44,12*$B$7,-12*MAX(0,$B$6-IF($B$1+16>=$B$23,$B$22,0))*(1+$B$4)^16))*IF(R44+IF($B$1+16<=$B44,12*$B$7,-12*MAX(0,$B$6-IF($B$1+16>=$B$23,$B$22,0))*(1+$B$4)^16)>0,1+$B$3,1)) | T44: =IF($B$1+17>90,S44,(S44+IF($B$1+17<=$B44,12*$B$7,-12*MAX(0,$B$6-IF($B$1+17>=$B$23,$B$22,0))*(1+$B$4)^17))*IF(S44+IF($B$1+17<=$B44,12*$B$7,-12*MAX(0,$B$6-IF($B$1+17>=$B$23,$B$22,0))*(1+$B$4)^17)>0,1+$B$3,1)) | U44: =IF($B$1+18>90,T44,(T44+IF($B$1+18<=$B44,12*$B$7,-12*MAX(0,$B$6-IF($B$1+18>=$B$23,$B$22,0))*(1+$B$4)^18))*IF(T44+IF($B$1+18<=$B44,12*$B$7,-12*MAX(0,$B$6-IF($B$1+18>=$B$23,$B$22,0))*(1+$B$4)^18)>0,1+$B$3,1)) | V44: =IF($B$1+19>90,U44,(U44+IF($B$1+19<=$B44,12*$B$7,-12*MAX(0,$B$6-IF($B$1+19>=$B$23,$B$22,0))*(1+$B$4)^19))*IF(U44+IF($B$1+19<=$B44,12*$B$7,-12*MAX(0,$B$6-IF($B$1+19>=$B$23,$B$22,0))*(1+$B$4)^19)>0,1+$B$3,1)) | W44: =IF($B$1+20>90,V44,(V44+IF($B$1+20<=$B44,12*$B$7,-12*MAX(0,$B$6-IF($B$1+20>=$B$23,$B$22,0))*(1+$B$4)^20))*IF(V44+IF($B$1+20<=$B44,12*$B$7,-12*MAX(0,$B$6-IF($B$1+20>=$B$23,$B$22,0))*(1+$B$4)^20)>0,1+$B$3,1)) | X44: =IF($B$1+21>90,W44,(W44+IF($B$1+21<=$B44,12*$B$7,-12*MAX(0,$B$6-IF($B$1+21>=$B$23,$B$22,0))*(1+$B$4)^21))*IF(W44+IF($B$1+21<=$B44,12*$B$7,-12*MAX(0,$B$6-IF($B$1+21>=$B$23,$B$22,0))*(1+$B$4)^21)>0,1+$B$3,1)) | Y44: =IF($B$1+22>90,X44,(X44+IF($B$1+22<=$B44,12*$B$7,-12*MAX(0,$B$6-IF($B$1+22>=$B$23,$B$22,0))*(1+$B$4)^22))*IF(X44+IF($B$1+22<=$B44,12*$B$7,-12*MAX(0,$B$6-IF($B$1+22>=$B$23,$B$22,0))*(1+$B$4)^22)>0,1+$B$3,1)) | Z44: =IF($B$1+23>90,Y44,(Y44+IF($B$1+23<=$B44,12*$B$7,-12*MAX(0,$B$6-IF($B$1+23>=$B$23,$B$22,0))*(1+$B$4)^23))*IF(Y44+IF($B$1+23<=$B44,12*$B$7,-12*MAX(0,$B$6-IF($B$1+23>=$B$23,$B$22,0))*(1+$B$4)^23)>0,1+$B$3,1)) | AA44: =IF($B$1+24>90,Z44,(Z44+IF($B$1+24<=$B44,12*$B$7,-12*MAX(0,$B$6-IF($B$1+24>=$B$23,$B$22,0))*(1+$B$4)^24))*IF(Z44+IF($B$1+24<=$B44,12*$B$7,-12*MAX(0,$B$6-IF($B$1+24>=$B$23,$B$22,0))*(1+$B$4)^24)>0,1+$B$3,1)) | AB44: =IF($B$1+25>90,AA44,(AA44+IF($B$1+25<=$B44,12*$B$7,-12*MAX(0,$B$6-IF($B$1+25>=$B$23,$B$22,0))*(1+$B$4)^25))*IF(AA44+IF($B$1+25<=$B44,12*$B$7,-12*MAX(0,$B$6-IF($B$1+25>=$B$23,$B$22,0))*(1+$B$4)^25)>0,1+$B$3,1)) | AC44: =IF($B$1+26>90,AB44,(AB44+IF($B$1+26<=$B44,12*$B$7,-12*MAX(0,$B$6-IF($B$1+26>=$B$23,$B$22,0))*(1+$B$4)^26))*IF(AB44+IF($B$1+26<=$B44,12*$B$7,-12*MAX(0,$B$6-IF($B$1+26>=$B$23,$B$22,0))*(1+$B$4)^26)>0,1+$B$3,1)) | AD44: =IF($B$1+27>90,AC44,(AC44+IF($B$1+27<=$B44,12*$B$7,-12*MAX(0,$B$6-IF($B$1+27>=$B$23,$B$22,0))*(1+$B$4)^27))*IF(AC44+IF($B$1+27<=$B44,12*$B$7,-12*MAX(0,$B$6-IF($B$1+27>=$B$23,$B$22,0))*(1+$B$4)^27)>0,1+$B$3,1)) | AE44: =IF($B$1+28>90,AD44,(AD44+IF($B$1+28<=$B44,12*$B$7,-12*MAX(0,$B$6-IF($B$1+28>=$B$23,$B$22,0))*(1+$B$4)^28))*IF(AD44+IF($B$1+28<=$B44,12*$B$7,-12*MAX(0,$B$6-IF($B$1+28>=$B$23,$B$22,0))*(1+$B$4)^28)>0,1+$B$3,1)) | AF44: =IF($B$1+29>90,AE44,(AE44+IF($B$1+29<=$B44,12*$B$7,-12*MAX(0,$B$6-IF($B$1+29>=$B$23,$B$22,0))*(1+$B$4)^29))*IF(AE44+IF($B$1+29<=$B44,12*$B$7,-12*MAX(0,$B$6-IF($B$1+29>=$B$23,$B$22,0))*(1+$B$4)^29)>0,1+$B$3,1)) | AG44: =IF($B$1+30>90,AF44,(AF44+IF($B$1+30<=$B44,12*$B$7,-12*MAX(0,$B$6-IF($B$1+30>=$B$23,$B$22,0))*(1+$B$4)^30))*IF(AF44+IF($B$1+30<=$B44,12*$B$7,-12*MAX(0,$B$6-IF($B$1+30>=$B$23,$B$22,0))*(1+$B$4)^30)>0,1+$B$3,1)) | AH44: =IF($B$1+31>90,AG44,(AG44+IF($B$1+31<=$B44,12*$B$7,-12*MAX(0,$B$6-IF($B$1+31>=$B$23,$B$22,0))*(1+$B$4)^31))*IF(AG44+IF($B$1+31<=$B44,12*$B$7,-12*MAX(0,$B$6-IF($B$1+31>=$B$23,$B$22,0))*(1+$B$4)^31)>0,1+$B$3,1)) | AI44: =IF($B$1+32>90,AH44,(AH44+IF($B$1+32<=$B44,12*$B$7,-12*MAX(0,$B$6-IF($B$1+32>=$B$23,$B$22,0))*(1+$B$4)^32))*IF(AH44+IF($B$1+32<=$B44,12*$B$7,-12*MAX(0,$B$6-IF($B$1+32>=$B$23,$B$22,0))*(1+$B$4)^32)>0,1+$B$3,1)) | AJ44: =IF($B$1+33>90,AI44,(AI44+IF($B$1+33<=$B44,12*$B$7,-12*MAX(0,$B$6-IF($B$1+33>=$B$23,$B$22,0))*(1+$B$4)^33))*IF(AI44+IF($B$1+33<=$B44,12*$B$7,-12*MAX(0,$B$6-IF($B$1+33>=$B$23,$B$22,0))*(1+$B$4)^33)>0,1+$B$3,1)) | AK44: =IF($B$1+34>90,AJ44,(AJ44+IF($B$1+34<=$B44,12*$B$7,-12*MAX(0,$B$6-IF($B$1+34>=$B$23,$B$22,0))*(1+$B$4)^34))*IF(AJ44+IF($B$1+34<=$B44,12*$B$7,-12*MAX(0,$B$6-IF($B$1+34>=$B$23,$B$22,0))*(1+$B$4)^34)>0,1+$B$3,1)) | AL44: =IF($B$1+35>90,AK44,(AK44+IF($B$1+35<=$B44,12*$B$7,-12*MAX(0,$B$6-IF($B$1+35>=$B$23,$B$22,0))*(1+$B$4)^35))*IF(AK44+IF($B$1+35<=$B44,12*$B$7,-12*MAX(0,$B$6-IF($B$1+35>=$B$23,$B$22,0))*(1+$B$4)^35)>0,1+$B$3,1)) | AM44: =IF($B$1+36>90,AL44,(AL44+IF($B$1+36<=$B44,12*$B$7,-12*MAX(0,$B$6-IF($B$1+36>=$B$23,$B$22,0))*(1+$B$4)^36))*IF(AL44+IF($B$1+36<=$B44,12*$B$7,-12*MAX(0,$B$6-IF($B$1+36>=$B$23,$B$22,0))*(1+$B$4)^36)>0,1+$B$3,1)) | AN44: =IF($B$1+37>90,AM44,(AM44+IF($B$1+37<=$B44,12*$B$7,-12*MAX(0,$B$6-IF($B$1+37>=$B$23,$B$22,0))*(1+$B$4)^37))*IF(AM44+IF($B$1+37<=$B44,12*$B$7,-12*MAX(0,$B$6-IF($B$1+37>=$B$23,$B$22,0))*(1+$B$4)^37)>0,1+$B$3,1)) | AO44: =IF($B$1+38>90,AN44,(AN44+IF($B$1+38<=$B44,12*$B$7,-12*MAX(0,$B$6-IF($B$1+38>=$B$23,$B$22,0))*(1+$B$4)^38))*IF(AN44+IF($B$1+38<=$B44,12*$B$7,-12*MAX(0,$B$6-IF($B$1+38>=$B$23,$B$22,0))*(1+$B$4)^38)>0,1+$B$3,1)) | AP44: =IF($B$1+39>90,AO44,(AO44+IF($B$1+39<=$B44,12*$B$7,-12*MAX(0,$B$6-IF($B$1+39>=$B$23,$B$22,0))*(1+$B$4)^39))*IF(AO44+IF($B$1+39<=$B44,12*$B$7,-12*MAX(0,$B$6-IF($B$1+39>=$B$23,$B$22,0))*(1+$B$4)^39)>0,1+$B$3,1)) | AQ44: =IF($B$1+40>90,AP44,(AP44+IF($B$1+40<=$B44,12*$B$7,-12*MAX(0,$B$6-IF($B$1+40>=$B$23,$B$22,0))*(1+$B$4)^40))*IF(AP44+IF($B$1+40<=$B44,12*$B$7,-12*MAX(0,$B$6-IF($B$1+40>=$B$23,$B$22,0))*(1+$B$4)^40)>0,1+$B$3,1)) | AR44: =IF($B$1+41>90,AQ44,(AQ44+IF($B$1+41<=$B44,12*$B$7,-12*MAX(0,$B$6-IF($B$1+41>=$B$23,$B$22,0))*(1+$B$4)^41))*IF(AQ44+IF($B$1+41<=$B44,12*$B$7,-12*MAX(0,$B$6-IF($B$1+41>=$B$23,$B$22,0))*(1+$B$4)^41)>0,1+$B$3,1)) | AS44: =IF($B$1+42>90,AR44,(AR44+IF($B$1+42<=$B44,12*$B$7,-12*MAX(0,$B$6-IF($B$1+42>=$B$23,$B$22,0))*(1+$B$4)^42))*IF(AR44+IF($B$1+42<=$B44,12*$B$7,-12*MAX(0,$B$6-IF($B$1+42>=$B$23,$B$22,0))*(1+$B$4)^42)>0,1+$B$3,1)) | AT44: =IF($B$1+43>90,AS44,(AS44+IF($B$1+43<=$B44,12*$B$7,-12*MAX(0,$B$6-IF($B$1+43>=$B$23,$B$22,0))*(1+$B$4)^43))*IF(AS44+IF($B$1+43<=$B44,12*$B$7,-12*MAX(0,$B$6-IF($B$1+43>=$B$23,$B$22,0))*(1+$B$4)^43)>0,1+$B$3,1)) | AU44: =IF($B$1+44>90,AT44,(AT44+IF($B$1+44<=$B44,12*$B$7,-12*MAX(0,$B$6-IF($B$1+44>=$B$23,$B$22,0))*(1+$B$4)^44))*IF(AT44+IF($B$1+44<=$B44,12*$B$7,-12*MAX(0,$B$6-IF($B$1+44>=$B$23,$B$22,0))*(1+$B$4)^44)>0,1+$B$3,1)) | AV44: =IF($B$1+45>90,AU44,(AU44+IF($B$1+45<=$B44,12*$B$7,-12*MAX(0,$B$6-IF($B$1+45>=$B$23,$B$22,0))*(1+$B$4)^45))*IF(AU44+IF($B$1+45<=$B44,12*$B$7,-12*MAX(0,$B$6-IF($B$1+45>=$B$23,$B$22,0))*(1+$B$4)^45)>0,1+$B$3,1)) | AW44: =IF($B$1+46>90,AV44,(AV44+IF($B$1+46<=$B44,12*$B$7,-12*MAX(0,$B$6-IF($B$1+46>=$B$23,$B$22,0))*(1+$B$4)^46))*IF(AV44+IF($B$1+46<=$B44,12*$B$7,-12*MAX(0,$B$6-IF($B$1+46>=$B$23,$B$22,0))*(1+$B$4)^46)>0,1+$B$3,1)) | AX44: =IF($B$1+47>90,AW44,(AW44+IF($B$1+47<=$B44,12*$B$7,-12*MAX(0,$B$6-IF($B$1+47>=$B$23,$B$22,0))*(1+$B$4)^47))*IF(AW44+IF($B$1+47<=$B44,12*$B$7,-12*MAX(0,$B$6-IF($B$1+47>=$B$23,$B$22,0))*(1+$B$4)^47)>0,1+$B$3,1)) | AY44: =IF($B$1+48>90,AX44,(AX44+IF($B$1+48<=$B44,12*$B$7,-12*MAX(0,$B$6-IF($B$1+48>=$B$23,$B$22,0))*(1+$B$4)^48))*IF(AX44+IF($B$1+48<=$B44,12*$B$7,-12*MAX(0,$B$6-IF($B$1+48>=$B$23,$B$22,0))*(1+$B$4)^48)>0,1+$B$3,1)) | AZ44: =IF($B$1+49>90,AY44,(AY44+IF($B$1+49<=$B44,12*$B$7,-12*MAX(0,$B$6-IF($B$1+49>=$B$23,$B$22,0))*(1+$B$4)^49))*IF(AY44+IF($B$1+49<=$B44,12*$B$7,-12*MAX(0,$B$6-IF($B$1+49>=$B$23,$B$22,0))*(1+$B$4)^49)>0,1+$B$3,1)) | BA44: =IF($B$1+50>90,AZ44,(AZ44+IF($B$1+50<=$B44,12*$B$7,-12*MAX(0,$B$6-IF($B$1+50>=$B$23,$B$22,0))*(1+$B$4)^50))*IF(AZ44+IF($B$1+50<=$B44,12*$B$7,-12*MAX(0,$B$6-IF($B$1+50>=$B$23,$B$22,0))*(1+$B$4)^50)>0,1+$B$3,1)) | BB44: =IF($B$1+51>90,BA44,(BA44+IF($B$1+51<=$B44,12*$B$7,-12*MAX(0,$B$6-IF($B$1+51>=$B$23,$B$22,0))*(1+$B$4)^51))*IF(BA44+IF($B$1+51<=$B44,12*$B$7,-12*MAX(0,$B$6-IF($B$1+51>=$B$23,$B$22,0))*(1+$B$4)^51)>0,1+$B$3,1)) | BC44: =IF($B$1+52>90,BB44,(BB44+IF($B$1+52<=$B44,12*$B$7,-12*MAX(0,$B$6-IF($B$1+52>=$B$23,$B$22,0))*(1+$B$4)^52))*IF(BB44+IF($B$1+52<=$B44,12*$B$7,-12*MAX(0,$B$6-IF($B$1+52>=$B$23,$B$22,0))*(1+$B$4)^52)>0,1+$B$3,1)) | BD44: =IF($B$1+53>90,BC44,(BC44+IF($B$1+53<=$B44,12*$B$7,-12*MAX(0,$B$6-IF($B$1+53>=$B$23,$B$22,0))*(1+$B$4)^53))*IF(BC44+IF($B$1+53<=$B44,12*$B$7,-12*MAX(0,$B$6-IF($B$1+53>=$B$23,$B$22,0))*(1+$B$4)^53)>0,1+$B$3,1)) | BE44: =IF($B$1+54>90,BD44,(BD44+IF($B$1+54<=$B44,12*$B$7,-12*MAX(0,$B$6-IF($B$1+54>=$B$23,$B$22,0))*(1+$B$4)^54))*IF(BD44+IF($B$1+54<=$B44,12*$B$7,-12*MAX(0,$B$6-IF($B$1+54>=$B$23,$B$22,0))*(1+$B$4)^54)>0,1+$B$3,1)) | BF44: =IF($B$1+55>90,BE44,(BE44+IF($B$1+55<=$B44,12*$B$7,-12*MAX(0,$B$6-IF($B$1+55>=$B$23,$B$22,0))*(1+$B$4)^55))*IF(BE44+IF($B$1+55<=$B44,12*$B$7,-12*MAX(0,$B$6-IF($B$1+55>=$B$23,$B$22,0))*(1+$B$4)^55)>0,1+$B$3,1)) | BG44: =IF($B$1+56>90,BF44,(BF44+IF($B$1+56<=$B44,12*$B$7,-12*MAX(0,$B$6-IF($B$1+56>=$B$23,$B$22,0))*(1+$B$4)^56))*IF(BF44+IF($B$1+56<=$B44,12*$B$7,-12*MAX(0,$B$6-IF($B$1+56>=$B$23,$B$22,0))*(1+$B$4)^56)>0,1+$B$3,1)) | BH44: =IF($B$1+57>90,BG44,(BG44+IF($B$1+57<=$B44,12*$B$7,-12*MAX(0,$B$6-IF($B$1+57>=$B$23,$B$22,0))*(1+$B$4)^57))*IF(BG44+IF($B$1+57<=$B44,12*$B$7,-12*MAX(0,$B$6-IF($B$1+57>=$B$23,$B$22,0))*(1+$B$4)^57)>0,1+$B$3,1)) | BI44: =IF($B$1+58>90,BH44,(BH44+IF($B$1+58<=$B44,12*$B$7,-12*MAX(0,$B$6-IF($B$1+58>=$B$23,$B$22,0))*(1+$B$4)^58))*IF(BH44+IF($B$1+58<=$B44,12*$B$7,-12*MAX(0,$B$6-IF($B$1+58>=$B$23,$B$22,0))*(1+$B$4)^58)>0,1+$B$3,1)) | BJ44: =IF($B$1+59>90,BI44,(BI44+IF($B$1+59<=$B44,12*$B$7,-12*MAX(0,$B$6-IF($B$1+59>=$B$23,$B$22,0))*(1+$B$4)^59))*IF(BI44+IF($B$1+59<=$B44,12*$B$7,-12*MAX(0,$B$6-IF($B$1+59>=$B$23,$B$22,0))*(1+$B$4)^59)>0,1+$B$3,1)) | BK44: =IF($B$1+60>90,BJ44,(BJ44+IF($B$1+60<=$B44,12*$B$7,-12*MAX(0,$B$6-IF($B$1+60>=$B$23,$B$22,0))*(1+$B$4)^60))*IF(BJ44+IF($B$1+60<=$B44,12*$B$7,-12*MAX(0,$B$6-IF($B$1+60>=$B$23,$B$22,0))*(1+$B$4)^60)>0,1+$B$3,1)) | BL44: =IF($B$1+61>90,BK44,(BK44+IF($B$1+61<=$B44,12*$B$7,-12*MAX(0,$B$6-IF($B$1+61>=$B$23,$B$22,0))*(1+$B$4)^61))*IF(BK44+IF($B$1+61<=$B44,12*$B$7,-12*MAX(0,$B$6-IF($B$1+61>=$B$23,$B$22,0))*(1+$B$4)^61)>0,1+$B$3,1)) | BM44: =IF($B$1+62>90,BL44,(BL44+IF($B$1+62<=$B44,12*$B$7,-12*MAX(0,$B$6-IF($B$1+62>=$B$23,$B$22,0))*(1+$B$4)^62))*IF(BL44+IF($B$1+62<=$B44,12*$B$7,-12*MAX(0,$B$6-IF($B$1+62>=$B$23,$B$22,0))*(1+$B$4)^62)>0,1+$B$3,1)) | BN44: =IF($B$1+63>90,BM44,(BM44+IF($B$1+63<=$B44,12*$B$7,-12*MAX(0,$B$6-IF($B$1+63>=$B$23,$B$22,0))*(1+$B$4)^63))*IF(BM44+IF($B$1+63<=$B44,12*$B$7,-12*MAX(0,$B$6-IF($B$1+63>=$B$23,$B$22,0))*(1+$B$4)^63)>0,1+$B$3,1)) | BO44: =IF($B$1+64>90,BN44,(BN44+IF($B$1+64<=$B44,12*$B$7,-12*MAX(0,$B$6-IF($B$1+64>=$B$23,$B$22,0))*(1+$B$4)^64))*IF(BN44+IF($B$1+64<=$B44,12*$B$7,-12*MAX(0,$B$6-IF($B$1+64>=$B$23,$B$22,0))*(1+$B$4)^64)>0,1+$B$3,1)) | BP44: =IF($B$1+65>90,BO44,(BO44+IF($B$1+65<=$B44,12*$B$7,-12*MAX(0,$B$6-IF($B$1+65>=$B$23,$B$22,0))*(1+$B$4)^65))*IF(BO44+IF($B$1+65<=$B44,12*$B$7,-12*MAX(0,$B$6-IF($B$1+65>=$B$23,$B$22,0))*(1+$B$4)^65)>0,1+$B$3,1)) | BQ44: =IF($B$1+66>90,BP44,(BP44+IF($B$1+66<=$B44,12*$B$7,-12*MAX(0,$B$6-IF($B$1+66>=$B$23,$B$22,0))*(1+$B$4)^66))*IF(BP44+IF($B$1+66<=$B44,12*$B$7,-12*MAX(0,$B$6-IF($B$1+66>=$B$23,$B$22,0))*(1+$B$4)^66)>0,1+$B$3,1)) | BR44: =IF($B$1+67>90,BQ44,(BQ44+IF($B$1+67<=$B44,12*$B$7,-12*MAX(0,$B$6-IF($B$1+67>=$B$23,$B$22,0))*(1+$B$4)^67))*IF(BQ44+IF($B$1+67<=$B44,12*$B$7,-12*MAX(0,$B$6-IF($B$1+67>=$B$23,$B$22,0))*(1+$B$4)^67)>0,1+$B$3,1)) | BS44: =IF($B$1+68>90,BR44,(BR44+IF($B$1+68<=$B44,12*$B$7,-12*MAX(0,$B$6-IF($B$1+68>=$B$23,$B$22,0))*(1+$B$4)^68))*IF(BR44+IF($B$1+68<=$B44,12*$B$7,-12*MAX(0,$B$6-IF($B$1+68>=$B$23,$B$22,0))*(1+$B$4)^68)>0,1+$B$3,1)) | BT44: =IF($B$1+69>90,BS44,(BS44+IF($B$1+69<=$B44,12*$B$7,-12*MAX(0,$B$6-IF($B$1+69>=$B$23,$B$22,0))*(1+$B$4)^69))*IF(BS44+IF($B$1+69<=$B44,12*$B$7,-12*MAX(0,$B$6-IF($B$1+69>=$B$23,$B$22,0))*(1+$B$4)^69)>0,1+$B$3,1)) | BU44: =IF($B$1+70>90,BT44,(BT44+IF($B$1+70<=$B44,12*$B$7,-12*MAX(0,$B$6-IF($B$1+70>=$B$23,$B$22,0))*(1+$B$4)^70))*IF(BT44+IF($B$1+70<=$B44,12*$B$7,-12*MAX(0,$B$6-IF($B$1+70>=$B$23,$B$22,0))*(1+$B$4)^70)>0,1+$B$3,1)) | BV44: =BU44 | BW44: =IF(AND($B44<=70,BV44>0),$B44,999) | CB44: 43 | CC44: =IF($B$1+CB44>90,0,12*MAX(0,$B$6-IF($B$1+CB44>=$B$23,$B$22,0))*(1+$B$4)^CB44/(1+$B$3)^(CB44-1)) | CE44: =IF($B$1+42>90,NA(),$B$1+42) | CF44: =IF(OR($B$21="",$B$1+42>90),NA(),INDEX($C$40:$BU$90,$B$21-$B$1+1,43)) | CH44: =IF(ISTEXT('월 가계부'!A44),SUBSTITUTE(SUBSTITUTE(SUBSTITUTE(SUBSTITUTE(SUBSTITUTE(SUBSTITUTE(SUBSTITUTE(SUBSTITUTE(SUBSTITUTE(TRIM('월 가계부'!A44),"년","-"),"월","-"),"일",""),".","-"),"/","-")," ","-"),"--","-"),"--","-"),"--","-")&"-","") | CI44: =IFERROR(IF('월 가계부'!A44="","",IF(ISNUMBER('월 가계부'!A44),IF(AND('월 가계부'!A44>=19000101,'월 가계부'!A44<=21001231),IF(AND(MOD(INT('월 가계부'!A44/100),100)>=1,MOD(INT('월 가계부'!A44/100),100)<=12,MOD(INT('월 가계부'!A44),100)>=1,MOD(INT('월 가계부'!A44),100)<=31),IF(MONTH(DATE(INT('월 가계부'!A44/10000),MOD(INT('월 가계부'!A44/100),100),MOD(INT('월 가계부'!A44),100)))=MOD(INT('월 가계부'!A44/100),100),DATE(INT('월 가계부'!A44/10000),MOD(INT('월 가계부'!A44/100),100),MOD(INT('월 가계부'!A44),100)),""),""),IF(AND('월 가계부'!A44>=36526,'월 가계부'!A44<73051),INT('월 가계부'!A44),"")),IF(OR(CM44="",CN44="",CO44=""),"",IF(AND(CM44>=2000,CM44<=2099,CN44>=1,CN44<=12,CO44>=1,CO44<=31),IF(MONTH(DATE(CM44,CN44,CO44))=CN44,DATE(CM44,CN44,CO44),""),"")))),"") | CJ44: =IFERROR(IF('월 가계부'!C44="","",IF(ISNUMBER('월 가계부'!C44),'월 가계부'!C44,VALUE(SUBSTITUTE(SUBSTITUTE(SUBSTITUTE(SUBSTITUTE(TRIM('월 가계부'!C44),",",""),"원","")," ",""),"−","-")))),"") | CK44: =IF(ISNUMBER(CI44),IF(CI44<$B$13,CI44,""),"") | CM44: =IF(CH44="","",IFERROR(IF(IF(AND(LEN(CH44)=9,ISERROR(FIND("-",LEFT(CH44,8))),ISNUMBER(-LEFT(CH44,8))),VALUE(LEFT(CH44,4)),VALUE(LEFT(CH44,FIND("-",CH44)-1)))<100,IF(AND(LEN(CH44)=9,ISERROR(FIND("-",LEFT(CH44,8))),ISNUMBER(-LEFT(CH44,8))),VALUE(LEFT(CH44,4)),VALUE(LEFT(CH44,FIND("-",CH44)-1)))+2000,IF(AND(LEN(CH44)=9,ISERROR(FIND("-",LEFT(CH44,8))),ISNUMBER(-LEFT(CH44,8))),VALUE(LEFT(CH44,4)),VALUE(LEFT(CH44,FIND("-",CH44)-1)))),"")) | CN44: =IF(CH44="","",IFERROR(IF(AND(LEN(CH44)=9,ISERROR(FIND("-",LEFT(CH44,8))),ISNUMBER(-LEFT(CH44,8))),VALUE(MID(CH44,5,2)),VALUE(MID(CH44,FIND("-",CH44)+1,FIND("-",CH44,FIND("-",CH44)+1)-FIND("-",CH44)-1))),"")) | CO44: =IF(CH44="","",IFERROR(IF(AND(LEN(CH44)=9,ISERROR(FIND("-",LEFT(CH44,8))),ISNUMBER(-LEFT(CH44,8))),VALUE(MID(CH44,7,2)),VALUE(MID(CH44,FIND("-",CH44,FIND("-",CH44)+1)+1,FIND("-",CH44,FIND("-",CH44,FIND("-",CH44)+1)+1)-FIND("-",CH44,FIND("-",CH44)+1)-1))),""))
